"","participant_num","rowNo","type","stim1","color","key","condition1","condition2","feedback","trialText","stimFormat","ITI","button1","keyboard","random","required","head","responseType","responseOptions","stimSize","string","rarity","color_noncolor","Zipf.SUBTLEX_UK","Length","combined_condition","congruence_condition","1:2","ITI_ms","ITI_f","ITI_fDuration","timestamp","response","RT","correct","responseCode"
"1","1",3,"form",NA,NA,0,NA,NA,NA,NA,NA,0,"NEXT",NA,2,1,"What is your English language READING ability?","radio","Native Speaker;High Proficiency (CEFR C1-C2);Intermediate Proficiency (CEFR B1-B2);Low Proficiency (CEFR A1-A2);No proficiency:exclusive","175%",NA,NA,NA,NA,NA,NA,NA,NA,NA,NA,NA,43824,"Native Speaker",31698,0,1
"2","1",4,"form",NA,NA,0,NA,NA,NA,NA,NA,0,NA,NA,3,1,"What is your Standard Mandarin (普通话) language READING ability?","radio","Native Speaker;High Proficiency (CEFR C1-C2);Intermediate Proficiency (CEFR B1-B2);Low Proficiency (CEFR A1-A2);No proficiency:exclusive","175%",NA,NA,NA,NA,NA,NA,NA,NA,NA,NA,NA,43824,"No proficiency",31698,0,5
"3","1",5,"form",NA,NA,0,NA,NA,NA,NA,NA,0,NA,NA,4,NA,"Are you proficient in or learning any other foreign languages? (Please include the name of the language and your proficiency self-assessment.)","box",NA,"175%",NA,NA,NA,NA,NA,NA,NA,NA,NA,NA,NA,43824,"Spanish (C1) French (C1)",31698,0,NA
"4","1",12,"test","SEPIA","stim1: green",3,"practice",NA,"correct: Correct! You responded in %RT% ms ; incorrect: Incorrect! The font color was  GREEN. You responded in %RT% ms","Press 1 for BLACK, <br>2 for <span style=""color:blue;"">BLUE</span>, <br>3 for <span style=""color:green;"">GREEN</span>, and <br>4 for <span style=""color:brown;"">BROWN</span>","word",400,NA,"1 2 3 4",6,NA,NA,NA,NA,"175%",NA,NA,NA,NA,NA,NA,NA,NA,400,24,16.67,47563,"3",1913,1,NA
"5","1",8,"test","GREEN","stim1: black",1,"practice",NA,"correct: Correct! You responded in %RT% ms ; incorrect: Incorrect! The font color was  BLACK. You responded in %RT% ms","Press 1 for BLACK, <br>2 for <span style=""color:blue;"">BLUE</span>, <br>3 for <span style=""color:green;"">GREEN</span>, and <br>4 for <span style=""color:brown;"">BROWN</span>","word",400,NA,"1 2 3 4",6,NA,NA,NA,NA,"175%",NA,NA,NA,NA,NA,NA,NA,NA,400,24,16.67,71090,"1",1494,1,NA
"6","1",14,"test","NYMPH","stim1: brown",4,"practice",NA,"correct: Correct! You responded in %RT% ms ; incorrect: Incorrect! The font color was  BROWN. You responded in %RT% ms","Press 1 for BLACK, <br>2 for <span style=""color:blue;"">BLUE</span>, <br>3 for <span style=""color:green;"">GREEN</span>, and <br>4 for <span style=""color:brown;"">BROWN</span>","word",400,NA,"1 2 3 4",6,NA,NA,NA,NA,"175%",NA,NA,NA,NA,NA,NA,NA,NA,400,24,16.66,74803,"4",1340,1,NA
"7","1",11,"test","TUSK","stim1: blue",2,"practice",NA,"correct: Correct! You responded in %RT% ms ; incorrect: Incorrect! The font color was  BLUE. You responded in %RT% ms","Press 1 for BLACK, <br>2 for <span style=""color:blue;"">BLUE</span>, <br>3 for <span style=""color:green;"">GREEN</span>, and <br>4 for <span style=""color:brown;"">BROWN</span>","word",400,NA,"1 2 3 4",6,NA,NA,NA,NA,"175%",NA,NA,NA,NA,NA,NA,NA,NA,400,24,16.67,77655,"2",942,1,NA
"8","1",9,"test","BLUE","stim1: blue",2,"practice",NA,"correct: Correct! You responded in %RT% ms ; incorrect: Incorrect! The font color was  BLUE. You responded in %RT% ms","Press 1 for BLACK, <br>2 for <span style=""color:blue;"">BLUE</span>, <br>3 for <span style=""color:green;"">GREEN</span>, and <br>4 for <span style=""color:brown;"">BROWN</span>","word",400,NA,"1 2 3 4",6,NA,NA,NA,NA,"175%",NA,NA,NA,NA,NA,NA,NA,NA,400,24,16.67,79447,"2",701,1,NA
"9","1",10,"test","BROWN","stim1: green",3,"practice",NA,"correct: Correct! You responded in %RT% ms ; incorrect: Incorrect! The font color was  GREEN. You responded in %RT% ms","Press 1 for BLACK, <br>2 for <span style=""color:blue;"">BLUE</span>, <br>3 for <span style=""color:green;"">GREEN</span>, and <br>4 for <span style=""color:brown;"">BROWN</span>","word",400,NA,"1 2 3 4",6,NA,NA,NA,NA,"175%",NA,NA,NA,NA,NA,NA,NA,NA,400,24,16.67,81379,"3",816,1,NA
"10","1",13,"test","IRK","stim1: brown",4,"practice",NA,"correct: Correct! You responded in %RT% ms ; incorrect: Incorrect! The font color was  BROWN. You responded in %RT% ms","Press 1 for BLACK, <br>2 for <span style=""color:blue;"">BLUE</span>, <br>3 for <span style=""color:green;"">GREEN</span>, and <br>4 for <span style=""color:brown;"">BROWN</span>","word",400,NA,"1 2 3 4",6,NA,NA,NA,NA,"175%",NA,NA,NA,NA,NA,NA,NA,NA,400,24,16.67,83411,"4",699,1,NA
"11","1",7,"test","BLACK","stim1: black",1,"practice",NA,"correct: Correct! You responded in %RT% ms ; incorrect: Incorrect! The font color was  BLACK. You responded in %RT% ms","Press 1 for BLACK, <br>2 for <span style=""color:blue;"">BLUE</span>, <br>3 for <span style=""color:green;"">GREEN</span>, and <br>4 for <span style=""color:brown;"">BROWN</span>","word",400,NA,"1 2 3 4",6,NA,NA,NA,NA,"175%",NA,NA,NA,NA,NA,NA,NA,NA,400,24,16.67,85716,"1",870,1,NA
"12","1",93,"test","IRK","stim1: blue",2,"filler","control",NA,"Press 1 for BLACK, <br>2 for <span style=""color:blue;"">BLUE</span>, <br>3 for <span style=""color:green;"">GREEN</span>, and <br>4 for <span style=""color:brown;"">BROWN</span>","word",400,NA,"1 2 3 4",8,NA,NA,NA,NA,"175%","irk","rare","noncolor",1.95,3,"rare_noncolor","control",NA,400,24,16.67,97926,"2",663,1,NA
"13","1",47,"test","BROWN","stim1: green",3,"critical","incongruent",NA,"Press 1 for BLACK, <br>2 for <span style=""color:blue;"">BLUE</span>, <br>3 for <span style=""color:green;"">GREEN</span>, and <br>4 for <span style=""color:brown;"">BROWN</span>","word",400,NA,"1 2 3 4",8,NA,NA,NA,NA,"175%","brown","common","color",5.01,5,"common_color","incongruent",2,400,24,16.67,99006,"3",694,1,NA
"14","1",68,"test","OCHRE","stim1: brown",4,"filler","control",NA,"Press 1 for BLACK, <br>2 for <span style=""color:blue;"">BLUE</span>, <br>3 for <span style=""color:green;"">GREEN</span>, and <br>4 for <span style=""color:brown;"">BROWN</span>","word",400,NA,"1 2 3 4",8,NA,NA,NA,NA,"175%","ochre","rare","color",2.77,5,"rare_color","control",1,400,24,16.67,99943,"4",547,1,NA
"15","1",98,"test","NYMPH","stim1: brown",4,"filler","control",NA,"Press 1 for BLACK, <br>2 for <span style=""color:blue;"">BLUE</span>, <br>3 for <span style=""color:green;"">GREEN</span>, and <br>4 for <span style=""color:brown;"">BROWN</span>","word",400,NA,"1 2 3 4",8,NA,NA,NA,NA,"175%","nymph","rare","noncolor",2.72,5,"rare_noncolor","control",NA,400,24,16.67,100824,"4",496,1,NA
"16","1",31,"test","BLACK","stim1: green",3,"critical","incongruent",NA,"Press 1 for BLACK, <br>2 for <span style=""color:blue;"">BLUE</span>, <br>3 for <span style=""color:green;"">GREEN</span>, and <br>4 for <span style=""color:brown;"">BROWN</span>","word",400,NA,"1 2 3 4",8,NA,NA,NA,NA,"175%","black","common","color",5.26,5,"common_color","incongruent",2,400,24,16.67,102454,"3",1242,1,NA
"17","1",25,"test","BLACK","stim1: black",1,"critical","congruent",NA,"Press 1 for BLACK, <br>2 for <span style=""color:blue;"">BLUE</span>, <br>3 for <span style=""color:green;"">GREEN</span>, and <br>4 for <span style=""color:brown;"">BROWN</span>","word",400,NA,"1 2 3 4",8,NA,NA,NA,NA,"175%","black","common","color",5.26,5,"common_color","congruent",2,400,24,16.67,103624,"1",779,1,NA
"18","1",73,"test","SEPIA","stim1: black",1,"filler","control",NA,"Press 1 for BLACK, <br>2 for <span style=""color:blue;"">BLUE</span>, <br>3 for <span style=""color:green;"">GREEN</span>, and <br>4 for <span style=""color:brown;"">BROWN</span>","word",400,NA,"1 2 3 4",8,NA,NA,NA,NA,"175%","sepia","rare","color",2.38,5,"rare_color","control",2,400,24,16.68,104552,"1",540,1,NA
"19","1",101,"test","SLOW","stim1: blue",2,"filler","control",NA,"Press 1 for BLACK, <br>2 for <span style=""color:blue;"">BLUE</span>, <br>3 for <span style=""color:green;"">GREEN</span>, and <br>4 for <span style=""color:brown;"">BROWN</span>","word",400,NA,"1 2 3 4",8,NA,NA,NA,NA,"175%","slow","common","noncolor",4.81,4,"common_noncolor","control",NA,400,24,16.67,105938,"2",993,1,NA
"20","1",27,"test","BLACK","stim1: blue",2,"critical","incongruent",NA,"Press 1 for BLACK, <br>2 for <span style=""color:blue;"">BLUE</span>, <br>3 for <span style=""color:green;"">GREEN</span>, and <br>4 for <span style=""color:brown;"">BROWN</span>","word",400,NA,"1 2 3 4",8,NA,NA,NA,NA,"175%","black","common","color",5.26,5,"common_color","incongruent",2,400,24,16.66,107574,"2",1245,1,NA
"21","1",32,"test","BLUE","stim1: black",1,"critical","incongruent",NA,"Press 1 for BLACK, <br>2 for <span style=""color:blue;"">BLUE</span>, <br>3 for <span style=""color:green;"">GREEN</span>, and <br>4 for <span style=""color:brown;"">BROWN</span>","word",400,NA,"1 2 3 4",8,NA,NA,NA,NA,"175%","blue","common","color",5.16,4,"common_color","incongruent",1,400,24,16.66,108823,"1",861,1,NA
"22","1",55,"test","GREEN","stim1: green",3,"critical","congruent",NA,"Press 1 for BLACK, <br>2 for <span style=""color:blue;"">BLUE</span>, <br>3 for <span style=""color:green;"">GREEN</span>, and <br>4 for <span style=""color:brown;"">BROWN</span>","word",400,NA,"1 2 3 4",8,NA,NA,NA,NA,"175%","green","common","color",5.22,5,"common_color","congruent",2,400,23,17.39,110148,"3",936,1,NA
"23","1",80,"test","APEX","stim1: black",1,"filler","control",NA,"Press 1 for BLACK, <br>2 for <span style=""color:blue;"">BLUE</span>, <br>3 for <span style=""color:green;"">GREEN</span>, and <br>4 for <span style=""color:brown;"">BROWN</span>","word",400,NA,"1 2 3 4",8,NA,NA,NA,NA,"175%","apex","rare","noncolor",2.96,4,"rare_noncolor","control",NA,400,24,16.67,111104,"1",559,1,NA
"24","1",23,"test","AQUA","stim1: green",3,"filler","control",NA,"Press 1 for BLACK, <br>2 for <span style=""color:blue;"">BLUE</span>, <br>3 for <span style=""color:green;"">GREEN</span>, and <br>4 for <span style=""color:brown;"">BROWN</span>","word",400,NA,"1 2 3 4",8,NA,NA,NA,NA,"175%","aqua","rare","color",2.98,4,"rare_color","control",2,399,24,16.63,112267,"3",771,1,NA
"25","1",69,"test","OCHRE","stim1: brown",4,"filler","control",NA,"Press 1 for BLACK, <br>2 for <span style=""color:blue;"">BLUE</span>, <br>3 for <span style=""color:green;"">GREEN</span>, and <br>4 for <span style=""color:brown;"">BROWN</span>","word",400,NA,"1 2 3 4",8,NA,NA,NA,NA,"175%","ochre","rare","color",2.77,5,"rare_color","control",2,400,24,16.68,113167,"4",505,1,NA
"26","1",81,"test","APEX","stim1: blue",2,"filler","control",NA,"Press 1 for BLACK, <br>2 for <span style=""color:blue;"">BLUE</span>, <br>3 for <span style=""color:green;"">GREEN</span>, and <br>4 for <span style=""color:brown;"">BROWN</span>","word",400,NA,"1 2 3 4",8,NA,NA,NA,NA,"175%","apex","rare","noncolor",2.96,4,"rare_noncolor","control",NA,400,24,16.67,114199,"2",637,1,NA
"27","1",34,"test","BLUE","stim1: blue",2,"critical","congruent",NA,"Press 1 for BLACK, <br>2 for <span style=""color:blue;"">BLUE</span>, <br>3 for <span style=""color:green;"">GREEN</span>, and <br>4 for <span style=""color:brown;"">BROWN</span>","word",400,NA,"1 2 3 4",8,NA,NA,NA,NA,"175%","blue","common","color",5.16,4,"common_color","congruent",1,400,24,16.66,115039,"2",443,1,NA
"28","1",22,"test","AQUA","stim1: green",3,"filler","control",NA,"Press 1 for BLACK, <br>2 for <span style=""color:blue;"">BLUE</span>, <br>3 for <span style=""color:green;"">GREEN</span>, and <br>4 for <span style=""color:brown;"">BROWN</span>","word",400,NA,"1 2 3 4",8,NA,NA,NA,NA,"175%","aqua","rare","color",2.98,4,"rare_color","control",1,400,24,16.67,116173,"3",745,1,NA
"29","1",39,"test","BLUE","stim1: green",3,"critical","incongruent",NA,"Press 1 for BLACK, <br>2 for <span style=""color:blue;"">BLUE</span>, <br>3 for <span style=""color:green;"">GREEN</span>, and <br>4 for <span style=""color:brown;"">BROWN</span>","word",400,NA,"1 2 3 4",8,NA,NA,NA,NA,"175%","blue","common","color",5.16,4,"common_color","incongruent",2,400,24,16.67,117324,"3",762,1,NA
"30","1",28,"test","BLACK","stim1: brown",4,"critical","incongruent",NA,"Press 1 for BLACK, <br>2 for <span style=""color:blue;"">BLUE</span>, <br>3 for <span style=""color:green;"">GREEN</span>, and <br>4 for <span style=""color:brown;"">BROWN</span>","word",400,NA,"1 2 3 4",8,NA,NA,NA,NA,"175%","black","common","color",5.26,5,"common_color","incongruent",1,400,24,16.67,118493,"4",781,1,NA
"31","1",104,"test","SMALL","stim1: black",1,"filler","control",NA,"Press 1 for BLACK, <br>2 for <span style=""color:blue;"">BLUE</span>, <br>3 for <span style=""color:green;"">GREEN</span>, and <br>4 for <span style=""color:brown;"">BROWN</span>","word",400,NA,"1 2 3 4",8,NA,NA,NA,NA,"175%","small","common","noncolor",5.43,5,"common_noncolor","control",NA,400,24,16.67,119640,"1",761,1,NA
"32","1",53,"test","GREEN","stim1: brown",4,"critical","incongruent",NA,"Press 1 for BLACK, <br>2 for <span style=""color:blue;"">BLUE</span>, <br>3 for <span style=""color:green;"">GREEN</span>, and <br>4 for <span style=""color:brown;"">BROWN</span>","word",400,NA,"1 2 3 4",8,NA,NA,NA,NA,"175%","green","common","color",5.22,5,"common_color","incongruent",2,400,24,16.67,121814,"4",1785,1,NA
"33","1",51,"test","GREEN","stim1: blue",2,"critical","incongruent",NA,"Press 1 for BLACK, <br>2 for <span style=""color:blue;"">BLUE</span>, <br>3 for <span style=""color:green;"">GREEN</span>, and <br>4 for <span style=""color:brown;"">BROWN</span>","word",400,NA,"1 2 3 4",8,NA,NA,NA,NA,"175%","green","common","color",5.22,5,"common_color","incongruent",2,400,24,16.67,123013,"2",801,1,NA
"34","1",37,"test","BLUE","stim1: brown",4,"critical","incongruent",NA,"Press 1 for BLACK, <br>2 for <span style=""color:blue;"">BLUE</span>, <br>3 for <span style=""color:green;"">GREEN</span>, and <br>4 for <span style=""color:brown;"">BROWN</span>","word",400,NA,"1 2 3 4",8,NA,NA,NA,NA,"175%","blue","common","color",5.16,4,"common_color","incongruent",2,400,24,16.66,124119,"4",707,1,NA
"35","1",76,"test","SEPIA","stim1: brown",4,"filler","control",NA,"Press 1 for BLACK, <br>2 for <span style=""color:blue;"">BLUE</span>, <br>3 for <span style=""color:green;"">GREEN</span>, and <br>4 for <span style=""color:brown;"">BROWN</span>","word",400,NA,"1 2 3 4",8,NA,NA,NA,NA,"175%","sepia","rare","color",2.38,5,"rare_color","control",1,399,24,16.63,125056,"4",543,1,NA
"36","1",61,"test","MAUVE","stim1: brown",4,"filler","control",NA,"Press 1 for BLACK, <br>2 for <span style=""color:blue;"">BLUE</span>, <br>3 for <span style=""color:green;"">GREEN</span>, and <br>4 for <span style=""color:brown;"">BROWN</span>","word",400,NA,"1 2 3 4",8,NA,NA,NA,NA,"175%","mauve","rare","color",2.71,5,"rare_color","control",2,400,24,16.67,125904,"4",458,1,NA
"37","1",94,"test","IRK","stim1: brown",4,"filler","control",NA,"Press 1 for BLACK, <br>2 for <span style=""color:blue;"">BLUE</span>, <br>3 for <span style=""color:green;"">GREEN</span>, and <br>4 for <span style=""color:brown;"">BROWN</span>","word",400,NA,"1 2 3 4",8,NA,NA,NA,NA,"175%","irk","rare","noncolor",1.95,3,"rare_noncolor","control",NA,400,24,16.66,126706,"4",410,1,NA
"38","1",54,"test","GREEN","stim1: green",3,"critical","congruent",NA,"Press 1 for BLACK, <br>2 for <span style=""color:blue;"">BLUE</span>, <br>3 for <span style=""color:green;"">GREEN</span>, and <br>4 for <span style=""color:brown;"">BROWN</span>","word",400,NA,"1 2 3 4",8,NA,NA,NA,NA,"175%","green","common","color",5.22,5,"common_color","congruent",1,400,24,16.67,128237,"3",1142,1,NA
"39","1",24,"test","BLACK","stim1: black",1,"critical","congruent",NA,"Press 1 for BLACK, <br>2 for <span style=""color:blue;"">BLUE</span>, <br>3 for <span style=""color:green;"">GREEN</span>, and <br>4 for <span style=""color:brown;"">BROWN</span>","word",400,NA,"1 2 3 4",8,NA,NA,NA,NA,"175%","black","common","color",5.26,5,"common_color","congruent",1,400,24,16.67,129191,"1",562,1,NA
"40","1",108,"test","TUSK","stim1: black",1,"filler","control",NA,"Press 1 for BLACK, <br>2 for <span style=""color:blue;"">BLUE</span>, <br>3 for <span style=""color:green;"">GREEN</span>, and <br>4 for <span style=""color:brown;"">BROWN</span>","word",400,NA,"1 2 3 4",8,NA,NA,NA,NA,"175%","tusk","rare","noncolor",3,4,"rare_noncolor","control",NA,400,24,16.67,130132,"1",552,1,NA
"41","1",43,"test","BROWN","stim1: blue",2,"critical","incongruent",NA,"Press 1 for BLACK, <br>2 for <span style=""color:blue;"">BLUE</span>, <br>3 for <span style=""color:green;"">GREEN</span>, and <br>4 for <span style=""color:brown;"">BROWN</span>","word",400,NA,"1 2 3 4",8,NA,NA,NA,NA,"175%","brown","common","color",5.01,5,"common_color","incongruent",2,400,24,16.67,131392,"2",864,1,NA
"42","1",106,"test","SMALL","stim1: brown",4,"filler","control",NA,"Press 1 for BLACK, <br>2 for <span style=""color:blue;"">BLUE</span>, <br>3 for <span style=""color:green;"">GREEN</span>, and <br>4 for <span style=""color:brown;"">BROWN</span>","word",400,NA,"1 2 3 4",8,NA,NA,NA,NA,"175%","small","common","noncolor",5.43,5,"common_noncolor","control",NA,400,24,16.67,132439,"4",662,1,NA
"43","1",79,"test","SEPIA","stim1: green",3,"filler","control",NA,"Press 1 for BLACK, <br>2 for <span style=""color:blue;"">BLUE</span>, <br>3 for <span style=""color:green;"">GREEN</span>, and <br>4 for <span style=""color:brown;"">BROWN</span>","word",400,NA,"1 2 3 4",8,NA,NA,NA,NA,"175%","sepia","rare","color",2.38,5,"rare_color","control",2,400,24,16.67,133777,"3",948,1,NA
"44","1",44,"test","BROWN","stim1: brown",4,"critical","congruent",NA,"Press 1 for BLACK, <br>2 for <span style=""color:blue;"">BLUE</span>, <br>3 for <span style=""color:green;"">GREEN</span>, and <br>4 for <span style=""color:brown;"">BROWN</span>","word",400,NA,"1 2 3 4",8,NA,NA,NA,NA,"175%","brown","common","color",5.01,5,"common_color","congruent",1,400,24,16.67,134964,"4",785,1,NA
"45","1",87,"test","BIG","stim1: green",3,"filler","control",NA,"Press 1 for BLACK, <br>2 for <span style=""color:blue;"">BLUE</span>, <br>3 for <span style=""color:green;"">GREEN</span>, and <br>4 for <span style=""color:brown;"">BROWN</span>","word",400,NA,"1 2 3 4",8,NA,NA,NA,NA,"175%","big","common","noncolor",5.94,3,"common_noncolor","control",NA,400,24,16.67,136361,"3",999,1,NA
"46","1",103,"test","SLOW","stim1: green",3,"filler","control",NA,"Press 1 for BLACK, <br>2 for <span style=""color:blue;"">BLUE</span>, <br>3 for <span style=""color:green;"">GREEN</span>, and <br>4 for <span style=""color:brown;"">BROWN</span>","word",400,NA,"1 2 3 4",8,NA,NA,NA,NA,"175%","slow","common","noncolor",4.81,4,"common_noncolor","control",NA,400,24,16.67,137434,"3",672,1,NA
"47","1",58,"test","MAUVE","stim1: blue",2,"filler","control",NA,"Press 1 for BLACK, <br>2 for <span style=""color:blue;"">BLUE</span>, <br>3 for <span style=""color:green;"">GREEN</span>, and <br>4 for <span style=""color:brown;"">BROWN</span>","word",400,NA,"1 2 3 4",8,NA,NA,NA,NA,"175%","mauve","rare","color",2.71,5,"rare_color","control",1,399,24,16.64,138605,"2",776,1,NA
"48","1",96,"test","NYMPH","stim1: black",1,"filler","control",NA,"Press 1 for BLACK, <br>2 for <span style=""color:blue;"">BLUE</span>, <br>3 for <span style=""color:green;"">GREEN</span>, and <br>4 for <span style=""color:brown;"">BROWN</span>","word",400,NA,"1 2 3 4",8,NA,NA,NA,NA,"175%","nymph","rare","noncolor",2.72,5,"rare_noncolor","control",NA,400,24,16.67,139447,"1",452,1,NA
"49","1",17,"test","AQUA","stim1: black",1,"filler","control",NA,"Press 1 for BLACK, <br>2 for <span style=""color:blue;"">BLUE</span>, <br>3 for <span style=""color:green;"">GREEN</span>, and <br>4 for <span style=""color:brown;"">BROWN</span>","word",400,NA,"1 2 3 4",8,NA,NA,NA,NA,"175%","aqua","rare","color",2.98,4,"rare_color","control",2,400,24,16.66,140421,"1",576,1,NA
"50","1",59,"test","MAUVE","stim1: blue",2,"filler","control",NA,"Press 1 for BLACK, <br>2 for <span style=""color:blue;"">BLUE</span>, <br>3 for <span style=""color:green;"">GREEN</span>, and <br>4 for <span style=""color:brown;"">BROWN</span>","word",400,NA,"1 2 3 4",8,NA,NA,NA,NA,"175%","mauve","rare","color",2.71,5,"rare_color","control",2,400,24,16.67,141792,"2",980,1,NA
"51","1",33,"test","BLUE","stim1: black",1,"critical","incongruent",NA,"Press 1 for BLACK, <br>2 for <span style=""color:blue;"">BLUE</span>, <br>3 for <span style=""color:green;"">GREEN</span>, and <br>4 for <span style=""color:brown;"">BROWN</span>","word",400,NA,"1 2 3 4",8,NA,NA,NA,NA,"175%","blue","common","color",5.16,4,"common_color","incongruent",2,400,24,16.66,142781,"1",602,1,NA
"52","1",29,"test","BLACK","stim1: brown",4,"critical","incongruent",NA,"Press 1 for BLACK, <br>2 for <span style=""color:blue;"">BLUE</span>, <br>3 for <span style=""color:green;"">GREEN</span>, and <br>4 for <span style=""color:brown;"">BROWN</span>","word",400,NA,"1 2 3 4",8,NA,NA,NA,NA,"175%","black","common","color",5.26,5,"common_color","incongruent",2,400,24,16.67,144602,"4",1424,1,NA
"53","1",88,"test","FAST","stim1: black",1,"filler","control",NA,"Press 1 for BLACK, <br>2 for <span style=""color:blue;"">BLUE</span>, <br>3 for <span style=""color:green;"">GREEN</span>, and <br>4 for <span style=""color:brown;"">BROWN</span>","word",400,NA,"1 2 3 4",8,NA,NA,NA,NA,"175%","fast","common","noncolor",5.09,4,"common_noncolor","control",NA,400,24,16.67,145672,"1",677,1,NA
"54","1",74,"test","SEPIA","stim1: blue",2,"filler","control",NA,"Press 1 for BLACK, <br>2 for <span style=""color:blue;"">BLUE</span>, <br>3 for <span style=""color:green;"">GREEN</span>, and <br>4 for <span style=""color:brown;"">BROWN</span>","word",400,NA,"1 2 3 4",8,NA,NA,NA,NA,"175%","sepia","rare","color",2.38,5,"rare_color","control",1,400,24,16.67,146798,"2",736,1,NA
"55","1",107,"test","SMALL","stim1: green",3,"filler","control",NA,"Press 1 for BLACK, <br>2 for <span style=""color:blue;"">BLUE</span>, <br>3 for <span style=""color:green;"">GREEN</span>, and <br>4 for <span style=""color:brown;"">BROWN</span>","word",400,NA,"1 2 3 4",8,NA,NA,NA,NA,"175%","small","common","noncolor",5.43,5,"common_noncolor","control",NA,400,24,16.67,147941,"3",746,1,NA
"56","1",60,"test","MAUVE","stim1: brown",4,"filler","control",NA,"Press 1 for BLACK, <br>2 for <span style=""color:blue;"">BLUE</span>, <br>3 for <span style=""color:green;"">GREEN</span>, and <br>4 for <span style=""color:brown;"">BROWN</span>","word",400,NA,"1 2 3 4",8,NA,NA,NA,NA,"175%","mauve","rare","color",2.71,5,"rare_color","control",1,400,24,16.67,149042,"4",714,1,NA
"57","1",86,"test","BIG","stim1: brown",4,"filler","control",NA,"Press 1 for BLACK, <br>2 for <span style=""color:blue;"">BLUE</span>, <br>3 for <span style=""color:green;"">GREEN</span>, and <br>4 for <span style=""color:brown;"">BROWN</span>","word",400,NA,"1 2 3 4",8,NA,NA,NA,NA,"175%","big","common","noncolor",5.94,3,"common_noncolor","control",NA,400,24,16.67,150108,"4",680,1,NA
"58","1",67,"test","OCHRE","stim1: blue",2,"filler","control",NA,"Press 1 for BLACK, <br>2 for <span style=""color:blue;"">BLUE</span>, <br>3 for <span style=""color:green;"">GREEN</span>, and <br>4 for <span style=""color:brown;"">BROWN</span>","word",400,NA,"1 2 3 4",8,NA,NA,NA,NA,"175%","ochre","rare","color",2.77,5,"rare_color","control",2,400,24,16.67,151279,"2",784,1,NA
"59","1",70,"test","OCHRE","stim1: green",3,"filler","control",NA,"Press 1 for BLACK, <br>2 for <span style=""color:blue;"">BLUE</span>, <br>3 for <span style=""color:green;"">GREEN</span>, and <br>4 for <span style=""color:brown;"">BROWN</span>","word",400,NA,"1 2 3 4",8,NA,NA,NA,NA,"175%","ochre","rare","color",2.77,5,"rare_color","control",1,400,24,16.67,152545,"3",868,1,NA
"60","1",41,"test","BROWN","stim1: black",1,"critical","incongruent",NA,"Press 1 for BLACK, <br>2 for <span style=""color:blue;"">BLUE</span>, <br>3 for <span style=""color:green;"">GREEN</span>, and <br>4 for <span style=""color:brown;"">BROWN</span>","word",400,NA,"1 2 3 4",8,NA,NA,NA,NA,"175%","brown","common","color",5.01,5,"common_color","incongruent",2,400,24,16.67,153485,"1",540,1,NA
"61","1",84,"test","BIG","stim1: black",1,"filler","control",NA,"Press 1 for BLACK, <br>2 for <span style=""color:blue;"">BLUE</span>, <br>3 for <span style=""color:green;"">GREEN</span>, and <br>4 for <span style=""color:brown;"">BROWN</span>","word",400,NA,"1 2 3 4",8,NA,NA,NA,NA,"175%","big","common","noncolor",5.94,3,"common_noncolor","control",NA,400,24,16.67,154393,"1",515,1,NA
"62","1",56,"test","MAUVE","stim1: black",1,"filler","control",NA,"Press 1 for BLACK, <br>2 for <span style=""color:blue;"">BLUE</span>, <br>3 for <span style=""color:green;"">GREEN</span>, and <br>4 for <span style=""color:brown;"">BROWN</span>","word",400,NA,"1 2 3 4",8,NA,NA,NA,NA,"175%","mauve","rare","color",2.71,5,"rare_color","control",1,400,24,16.68,155320,"1",541,1,NA
"63","1",92,"test","IRK","stim1: black",1,"filler","control",NA,"Press 1 for BLACK, <br>2 for <span style=""color:blue;"">BLUE</span>, <br>3 for <span style=""color:green;"">GREEN</span>, and <br>4 for <span style=""color:brown;"">BROWN</span>","word",400,NA,"1 2 3 4",8,NA,NA,NA,NA,"175%","irk","rare","noncolor",1.95,3,"rare_noncolor","control",NA,400,24,16.67,156118,"1",407,1,NA
"64","1",64,"test","OCHRE","stim1: black",1,"filler","control",NA,"Press 1 for BLACK, <br>2 for <span style=""color:blue;"">BLUE</span>, <br>3 for <span style=""color:green;"">GREEN</span>, and <br>4 for <span style=""color:brown;"">BROWN</span>","word",400,NA,"1 2 3 4",8,NA,NA,NA,NA,"175%","ochre","rare","color",2.77,5,"rare_color","control",1,400,24,16.66,156966,"1",454,1,NA
"65","1",18,"test","AQUA","stim1: blue",2,"filler","control",NA,"Press 1 for BLACK, <br>2 for <span style=""color:blue;"">BLUE</span>, <br>3 for <span style=""color:green;"">GREEN</span>, and <br>4 for <span style=""color:brown;"">BROWN</span>","word",400,NA,"1 2 3 4",8,NA,NA,NA,NA,"175%","aqua","rare","color",2.98,4,"rare_color","control",1,400,24,16.67,158884,"2",1522,1,NA
"66","1",16,"test","AQUA","stim1: black",1,"filler","control",NA,"Press 1 for BLACK, <br>2 for <span style=""color:blue;"">BLUE</span>, <br>3 for <span style=""color:green;"">GREEN</span>, and <br>4 for <span style=""color:brown;"">BROWN</span>","word",400,NA,"1 2 3 4",8,NA,NA,NA,NA,"175%","aqua","rare","color",2.98,4,"rare_color","control",1,400,24,16.67,159904,"1",626,1,NA
"67","1",46,"test","BROWN","stim1: green",3,"critical","incongruent",NA,"Press 1 for BLACK, <br>2 for <span style=""color:blue;"">BLUE</span>, <br>3 for <span style=""color:green;"">GREEN</span>, and <br>4 for <span style=""color:brown;"">BROWN</span>","word",400,NA,"1 2 3 4",8,NA,NA,NA,NA,"175%","brown","common","color",5.01,5,"common_color","incongruent",1,400,24,16.67,161112,"3",817,1,NA
"68","1",45,"test","BROWN","stim1: brown",4,"critical","congruent",NA,"Press 1 for BLACK, <br>2 for <span style=""color:blue;"">BLUE</span>, <br>3 for <span style=""color:green;"">GREEN</span>, and <br>4 for <span style=""color:brown;"">BROWN</span>","word",400,NA,"1 2 3 4",8,NA,NA,NA,NA,"175%","brown","common","color",5.01,5,"common_color","congruent",2,400,24,16.67,162135,"4",623,1,NA
"69","1",100,"test","SLOW","stim1: black",1,"filler","control",NA,"Press 1 for BLACK, <br>2 for <span style=""color:blue;"">BLUE</span>, <br>3 for <span style=""color:green;"">GREEN</span>, and <br>4 for <span style=""color:brown;"">BROWN</span>","word",400,NA,"1 2 3 4",8,NA,NA,NA,NA,"175%","slow","common","noncolor",4.81,4,"common_noncolor","control",NA,400,24,16.67,163135,"1",607,1,NA
"70","1",49,"test","GREEN","stim1: black",1,"critical","incongruent",NA,"Press 1 for BLACK, <br>2 for <span style=""color:blue;"">BLUE</span>, <br>3 for <span style=""color:green;"">GREEN</span>, and <br>4 for <span style=""color:brown;"">BROWN</span>","word",400,NA,"1 2 3 4",8,NA,NA,NA,NA,"175%","green","common","color",5.22,5,"common_color","incongruent",2,400,24,16.67,164761,"1",1232,1,NA
"71","1",99,"test","NYMPH","stim1: green",3,"filler","control",NA,"Press 1 for BLACK, <br>2 for <span style=""color:blue;"">BLUE</span>, <br>3 for <span style=""color:green;"">GREEN</span>, and <br>4 for <span style=""color:brown;"">BROWN</span>","word",400,NA,"1 2 3 4",8,NA,NA,NA,NA,"175%","nymph","rare","noncolor",2.72,5,"rare_noncolor","control",NA,400,24,16.67,166358,"3",1197,1,NA
"72","1",71,"test","OCHRE","stim1: green",3,"filler","control",NA,"Press 1 for BLACK, <br>2 for <span style=""color:blue;"">BLUE</span>, <br>3 for <span style=""color:green;"">GREEN</span>, and <br>4 for <span style=""color:brown;"">BROWN</span>","word",400,NA,"1 2 3 4",8,NA,NA,NA,NA,"175%","ochre","rare","color",2.77,5,"rare_color","control",2,400,24,16.67,167269,"3",524,1,NA
"73","1",50,"test","GREEN","stim1: blue",2,"critical","incongruent",NA,"Press 1 for BLACK, <br>2 for <span style=""color:blue;"">BLUE</span>, <br>3 for <span style=""color:green;"">GREEN</span>, and <br>4 for <span style=""color:brown;"">BROWN</span>","word",400,NA,"1 2 3 4",8,NA,NA,NA,NA,"175%","green","common","color",5.22,5,"common_color","incongruent",1,400,24,16.67,168755,"2",1094,1,NA
"74","1",75,"test","SEPIA","stim1: blue",2,"filler","control",NA,"Press 1 for BLACK, <br>2 for <span style=""color:blue;"">BLUE</span>, <br>3 for <span style=""color:green;"">GREEN</span>, and <br>4 for <span style=""color:brown;"">BROWN</span>","word",400,NA,"1 2 3 4",8,NA,NA,NA,NA,"175%","sepia","rare","color",2.38,5,"rare_color","control",2,400,24,16.67,170092,"2",947,1,NA
"75","1",97,"test","NYMPH","stim1: blue",2,"filler","control",NA,"Press 1 for BLACK, <br>2 for <span style=""color:blue;"">BLUE</span>, <br>3 for <span style=""color:green;"">GREEN</span>, and <br>4 for <span style=""color:brown;"">BROWN</span>","word",400,NA,"1 2 3 4",8,NA,NA,NA,NA,"175%","nymph","rare","noncolor",2.72,5,"rare_noncolor","control",NA,400,24,16.67,170897,"2",418,1,NA
"76","1",89,"test","FAST","stim1: blue",2,"filler","control",NA,"Press 1 for BLACK, <br>2 for <span style=""color:blue;"">BLUE</span>, <br>3 for <span style=""color:green;"">GREEN</span>, and <br>4 for <span style=""color:brown;"">BROWN</span>","word",400,NA,"1 2 3 4",8,NA,NA,NA,NA,"175%","fast","common","noncolor",5.09,4,"common_noncolor","control",NA,400,24,16.67,171666,"2",371,1,NA
"77","1",83,"test","APEX","stim1: green",3,"filler","control",NA,"Press 1 for BLACK, <br>2 for <span style=""color:blue;"">BLUE</span>, <br>3 for <span style=""color:green;"">GREEN</span>, and <br>4 for <span style=""color:brown;"">BROWN</span>","word",400,NA,"1 2 3 4",8,NA,NA,NA,NA,"175%","apex","rare","noncolor",2.96,4,"rare_noncolor","control",NA,400,24,16.66,173439,"3",1377,1,NA
"78","1",85,"test","BIG","stim1: blue",2,"filler","control",NA,"Press 1 for BLACK, <br>2 for <span style=""color:blue;"">BLUE</span>, <br>3 for <span style=""color:green;"">GREEN</span>, and <br>4 for <span style=""color:brown;"">BROWN</span>","word",400,NA,"1 2 3 4",8,NA,NA,NA,NA,"175%","big","common","noncolor",5.94,3,"common_noncolor","control",NA,400,24,16.67,174546,"2",717,1,NA
"79","1",78,"test","SEPIA","stim1: green",3,"filler","control",NA,"Press 1 for BLACK, <br>2 for <span style=""color:blue;"">BLUE</span>, <br>3 for <span style=""color:green;"">GREEN</span>, and <br>4 for <span style=""color:brown;"">BROWN</span>","word",400,NA,"1 2 3 4",8,NA,NA,NA,NA,"175%","sepia","rare","color",2.38,5,"rare_color","control",1,400,24,16.67,175704,"3",759,1,NA
"80","1",19,"test","AQUA","stim1: blue",2,"filler","control",NA,"Press 1 for BLACK, <br>2 for <span style=""color:blue;"">BLUE</span>, <br>3 for <span style=""color:green;"">GREEN</span>, and <br>4 for <span style=""color:brown;"">BROWN</span>","word",400,NA,"1 2 3 4",8,NA,NA,NA,NA,"175%","aqua","rare","color",2.98,4,"rare_color","control",2,400,24,16.67,176959,"2",864,1,NA
"81","1",35,"test","BLUE","stim1: blue",2,"critical","congruent",NA,"Press 1 for BLACK, <br>2 for <span style=""color:blue;"">BLUE</span>, <br>3 for <span style=""color:green;"">GREEN</span>, and <br>4 for <span style=""color:brown;"">BROWN</span>","word",400,NA,"1 2 3 4",8,NA,NA,NA,NA,"175%","blue","common","color",5.16,4,"common_color","congruent",2,400,24,16.67,177902,"2",557,1,NA
"82","1",72,"test","SEPIA","stim1: black",1,"filler","control",NA,"Press 1 for BLACK, <br>2 for <span style=""color:blue;"">BLUE</span>, <br>3 for <span style=""color:green;"">GREEN</span>, and <br>4 for <span style=""color:brown;"">BROWN</span>","word",400,NA,"1 2 3 4",8,NA,NA,NA,NA,"175%","sepia","rare","color",2.38,5,"rare_color","control",1,400,24,16.67,179039,"1",744,1,NA
"83","1",36,"test","BLUE","stim1: brown",4,"critical","incongruent",NA,"Press 1 for BLACK, <br>2 for <span style=""color:blue;"">BLUE</span>, <br>3 for <span style=""color:green;"">GREEN</span>, and <br>4 for <span style=""color:brown;"">BROWN</span>","word",400,NA,"1 2 3 4",8,NA,NA,NA,NA,"175%","blue","common","color",5.16,4,"common_color","incongruent",1,400,24,16.67,180321,"4",893,1,NA
"84","1",26,"test","BLACK","stim1: blue",2,"critical","incongruent",NA,"Press 1 for BLACK, <br>2 for <span style=""color:blue;"">BLUE</span>, <br>3 for <span style=""color:green;"">GREEN</span>, and <br>4 for <span style=""color:brown;"">BROWN</span>","word",400,NA,"1 2 3 4",8,NA,NA,NA,NA,"175%","black","common","color",5.26,5,"common_color","incongruent",1,400,24,16.67,181425,"2",713,1,NA
"85","1",20,"test","AQUA","stim1: brown",4,"filler","control",NA,"Press 1 for BLACK, <br>2 for <span style=""color:blue;"">BLUE</span>, <br>3 for <span style=""color:green;"">GREEN</span>, and <br>4 for <span style=""color:brown;"">BROWN</span>","word",400,NA,"1 2 3 4",8,NA,NA,NA,NA,"175%","aqua","rare","color",2.98,4,"rare_color","control",1,400,24,16.67,183149,"4",1338,1,NA
"86","1",21,"test","AQUA","stim1: brown",4,"filler","control",NA,"Press 1 for BLACK, <br>2 for <span style=""color:blue;"">BLUE</span>, <br>3 for <span style=""color:green;"">GREEN</span>, and <br>4 for <span style=""color:brown;"">BROWN</span>","word",400,NA,"1 2 3 4",8,NA,NA,NA,NA,"175%","aqua","rare","color",2.98,4,"rare_color","control",2,400,24,16.67,183986,"4",441,1,NA
"87","1",38,"test","BLUE","stim1: green",3,"critical","incongruent",NA,"Press 1 for BLACK, <br>2 for <span style=""color:blue;"">BLUE</span>, <br>3 for <span style=""color:green;"">GREEN</span>, and <br>4 for <span style=""color:brown;"">BROWN</span>","word",400,NA,"1 2 3 4",8,NA,NA,NA,NA,"175%","blue","common","color",5.16,4,"common_color","incongruent",1,399,24,16.64,185315,"3",936,1,NA
"88","1",30,"test","BLACK","stim1: green",3,"critical","incongruent",NA,"Press 1 for BLACK, <br>2 for <span style=""color:blue;"">BLUE</span>, <br>3 for <span style=""color:green;"">GREEN</span>, and <br>4 for <span style=""color:brown;"">BROWN</span>","word",400,NA,"1 2 3 4",8,NA,NA,NA,NA,"175%","black","common","color",5.26,5,"common_color","incongruent",1,400,24,16.67,187582,"3",1871,1,NA
"89","1",57,"test","MAUVE","stim1: black",1,"filler","control",NA,"Press 1 for BLACK, <br>2 for <span style=""color:blue;"">BLUE</span>, <br>3 for <span style=""color:green;"">GREEN</span>, and <br>4 for <span style=""color:brown;"">BROWN</span>","word",400,NA,"1 2 3 4",8,NA,NA,NA,NA,"175%","mauve","rare","color",2.71,5,"rare_color","control",2,400,24,16.65,188660,"1",682,1,NA
"90","1",82,"test","APEX","stim1: brown",4,"filler","control",NA,"Press 1 for BLACK, <br>2 for <span style=""color:blue;"">BLUE</span>, <br>3 for <span style=""color:green;"">GREEN</span>, and <br>4 for <span style=""color:brown;"">BROWN</span>","word",400,NA,"1 2 3 4",8,NA,NA,NA,NA,"175%","apex","rare","noncolor",2.96,4,"rare_noncolor","control",NA,400,24,16.67,189851,"4",789,1,NA
"91","1",111,"test","TUSK","stim1: green",3,"filler","control",NA,"Press 1 for BLACK, <br>2 for <span style=""color:blue;"">BLUE</span>, <br>3 for <span style=""color:green;"">GREEN</span>, and <br>4 for <span style=""color:brown;"">BROWN</span>","word",400,NA,"1 2 3 4",8,NA,NA,NA,NA,"175%","tusk","rare","noncolor",3,4,"rare_noncolor","control",NA,400,24,16.67,191042,"3",797,1,NA
"92","1",90,"test","FAST","stim1: brown",4,"filler","control",NA,"Press 1 for BLACK, <br>2 for <span style=""color:blue;"">BLUE</span>, <br>3 for <span style=""color:green;"">GREEN</span>, and <br>4 for <span style=""color:brown;"">BROWN</span>","word",400,NA,"1 2 3 4",8,NA,NA,NA,NA,"175%","fast","common","noncolor",5.09,4,"common_noncolor","control",NA,400,24,16.67,192440,"4",1012,1,NA
"93","1",66,"test","OCHRE","stim1: blue",2,"filler","control",NA,"Press 1 for BLACK, <br>2 for <span style=""color:blue;"">BLUE</span>, <br>3 for <span style=""color:green;"">GREEN</span>, and <br>4 for <span style=""color:brown;"">BROWN</span>","word",400,NA,"1 2 3 4",8,NA,NA,NA,NA,"175%","ochre","rare","color",2.77,5,"rare_color","control",1,400,24,16.67,193613,"2",785,1,NA
"94","1",40,"test","BROWN","stim1: black",1,"critical","incongruent",NA,"Press 1 for BLACK, <br>2 for <span style=""color:blue;"">BLUE</span>, <br>3 for <span style=""color:green;"">GREEN</span>, and <br>4 for <span style=""color:brown;"">BROWN</span>","word",400,NA,"1 2 3 4",8,NA,NA,NA,NA,"175%","brown","common","color",5.01,5,"common_color","incongruent",1,400,24,16.67,195014,"1",1003,1,NA
"95","1",48,"test","GREEN","stim1: black",1,"critical","incongruent",NA,"Press 1 for BLACK, <br>2 for <span style=""color:blue;"">BLUE</span>, <br>3 for <span style=""color:green;"">GREEN</span>, and <br>4 for <span style=""color:brown;"">BROWN</span>","word",400,NA,"1 2 3 4",8,NA,NA,NA,NA,"175%","green","common","color",5.22,5,"common_color","incongruent",1,400,24,16.66,195911,"1",499,1,NA
"96","1",91,"test","FAST","stim1: green",3,"filler","control",NA,"Press 1 for BLACK, <br>2 for <span style=""color:blue;"">BLUE</span>, <br>3 for <span style=""color:green;"">GREEN</span>, and <br>4 for <span style=""color:brown;"">BROWN</span>","word",400,NA,"1 2 3 4",8,NA,NA,NA,NA,"175%","fast","common","noncolor",5.09,4,"common_noncolor","control",NA,400,24,16.67,197022,"3",711,1,NA
"97","1",110,"test","TUSK","stim1: brown",4,"filler","control",NA,"Press 1 for BLACK, <br>2 for <span style=""color:blue;"">BLUE</span>, <br>3 for <span style=""color:green;"">GREEN</span>, and <br>4 for <span style=""color:brown;"">BROWN</span>","word",400,NA,"1 2 3 4",8,NA,NA,NA,NA,"175%","tusk","rare","noncolor",3,4,"rare_noncolor","control",NA,400,24,16.66,197895,"4",484,1,NA
"98","1",102,"test","SLOW","stim1: brown",4,"filler","control",NA,"Press 1 for BLACK, <br>2 for <span style=""color:blue;"">BLUE</span>, <br>3 for <span style=""color:green;"">GREEN</span>, and <br>4 for <span style=""color:brown;"">BROWN</span>","word",400,NA,"1 2 3 4",8,NA,NA,NA,NA,"175%","slow","common","noncolor",4.81,4,"common_noncolor","control",NA,400,24,16.67,198783,"4",488,1,NA
"99","1",109,"test","TUSK","stim1: blue",2,"filler","control",NA,"Press 1 for BLACK, <br>2 for <span style=""color:blue;"">BLUE</span>, <br>3 for <span style=""color:green;"">GREEN</span>, and <br>4 for <span style=""color:brown;"">BROWN</span>","word",400,NA,"1 2 3 4",8,NA,NA,NA,NA,"175%","tusk","rare","noncolor",3,4,"rare_noncolor","control",NA,400,24,16.67,199847,"2",669,1,NA
"100","1",62,"test","MAUVE","stim1: green",3,"filler","control",NA,"Press 1 for BLACK, <br>2 for <span style=""color:blue;"">BLUE</span>, <br>3 for <span style=""color:green;"">GREEN</span>, and <br>4 for <span style=""color:brown;"">BROWN</span>","word",400,NA,"1 2 3 4",8,NA,NA,NA,NA,"175%","mauve","rare","color",2.71,5,"rare_color","control",1,400,24,16.67,201100,"3",855,1,NA
"101","1",63,"test","MAUVE","stim1: green",3,"filler","control",NA,"Press 1 for BLACK, <br>2 for <span style=""color:blue;"">BLUE</span>, <br>3 for <span style=""color:green;"">GREEN</span>, and <br>4 for <span style=""color:brown;"">BROWN</span>","word",400,NA,"1 2 3 4",8,NA,NA,NA,NA,"175%","mauve","rare","color",2.71,5,"rare_color","control",2,400,24,16.66,202277,"3",782,1,NA
"102","1",105,"test","SMALL","stim1: blue",2,"filler","control",NA,"Press 1 for BLACK, <br>2 for <span style=""color:blue;"">BLUE</span>, <br>3 for <span style=""color:green;"">GREEN</span>, and <br>4 for <span style=""color:brown;"">BROWN</span>","word",400,NA,"1 2 3 4",8,NA,NA,NA,NA,"175%","small","common","noncolor",5.43,5,"common_noncolor","control",NA,400,24,16.66,203308,"2",631,1,NA
"103","1",77,"test","SEPIA","stim1: brown",4,"filler","control",NA,"Press 1 for BLACK, <br>2 for <span style=""color:blue;"">BLUE</span>, <br>3 for <span style=""color:green;"">GREEN</span>, and <br>4 for <span style=""color:brown;"">BROWN</span>","word",400,NA,"1 2 3 4",8,NA,NA,NA,NA,"175%","sepia","rare","color",2.38,5,"rare_color","control",2,400,24,16.67,204433,"4",740,1,NA
"104","1",95,"test","IRK","stim1: green",3,"filler","control",NA,"Press 1 for BLACK, <br>2 for <span style=""color:blue;"">BLUE</span>, <br>3 for <span style=""color:green;"">GREEN</span>, and <br>4 for <span style=""color:brown;"">BROWN</span>","word",400,NA,"1 2 3 4",8,NA,NA,NA,NA,"175%","irk","rare","noncolor",1.95,3,"rare_noncolor","control",NA,400,24,16.66,205626,"3",798,1,NA
"105","1",52,"test","GREEN","stim1: brown",4,"critical","incongruent",NA,"Press 1 for BLACK, <br>2 for <span style=""color:blue;"">BLUE</span>, <br>3 for <span style=""color:green;"">GREEN</span>, and <br>4 for <span style=""color:brown;"">BROWN</span>","word",400,NA,"1 2 3 4",8,NA,NA,NA,NA,"175%","green","common","color",5.22,5,"common_color","incongruent",1,400,24,16.65,207037,"4",1024,1,NA
"106","1",65,"test","OCHRE","stim1: black",1,"filler","control",NA,"Press 1 for BLACK, <br>2 for <span style=""color:blue;"">BLUE</span>, <br>3 for <span style=""color:green;"">GREEN</span>, and <br>4 for <span style=""color:brown;"">BROWN</span>","word",400,NA,"1 2 3 4",8,NA,NA,NA,NA,"175%","ochre","rare","color",2.77,5,"rare_color","control",2,401,24,16.69,207987,"1",559,1,NA
"107","1",42,"test","BROWN","stim1: blue",2,"critical","incongruent",NA,"Press 1 for BLACK, <br>2 for <span style=""color:blue;"">BLUE</span>, <br>3 for <span style=""color:green;"">GREEN</span>, and <br>4 for <span style=""color:brown;"">BROWN</span>","word",400,NA,"1 2 3 4",8,NA,NA,NA,NA,"175%","brown","common","color",5.01,5,"common_color","incongruent",1,400,24,16.67,209252,"2",874,1,NA
"108","2",3,"form",NA,NA,0,NA,NA,NA,NA,NA,0,"NEXT",NA,2,1,"What is your English language READING ability?","radio","Native Speaker;High Proficiency (CEFR C1-C2);Intermediate Proficiency (CEFR B1-B2);Low Proficiency (CEFR A1-A2);No proficiency:exclusive","175%",NA,NA,NA,NA,NA,NA,NA,NA,NA,NA,NA,51006,"Native Speaker",29751,0,1
"109","2",4,"form",NA,NA,0,NA,NA,NA,NA,NA,0,NA,NA,3,1,"What is your Standard Mandarin (普通话) language READING ability?","radio","Native Speaker;High Proficiency (CEFR C1-C2);Intermediate Proficiency (CEFR B1-B2);Low Proficiency (CEFR A1-A2);No proficiency:exclusive","175%",NA,NA,NA,NA,NA,NA,NA,NA,NA,NA,NA,51006,"No proficiency",29751,0,5
"110","2",5,"form",NA,NA,0,NA,NA,NA,NA,NA,0,NA,NA,4,NA,"Are you proficient in or learning any other foreign languages? (Please include the name of the language and your proficiency self-assessment.)","box",NA,"175%",NA,NA,NA,NA,NA,NA,NA,NA,NA,NA,NA,51006,"Spanish A1",29751,0,NA
"111","2",7,"test","BLACK","stim1: black",1,"practice",NA,"correct: Correct! You responded in %RT% ms ; incorrect: Incorrect! The font color was  BLACK. You responded in %RT% ms","Press 1 for BLACK, <br>2 for <span style=""color:blue;"">BLUE</span>, <br>3 for <span style=""color:green;"">GREEN</span>, and <br>4 for <span style=""color:brown;"">BROWN</span>","word",400,NA,"1 2 3 4",6,NA,NA,NA,NA,"175%",NA,NA,NA,NA,NA,NA,NA,NA,400,24,16.67,81012,"1",1122,1,NA
"112","2",14,"test","NYMPH","stim1: brown",4,"practice",NA,"correct: Correct! You responded in %RT% ms ; incorrect: Incorrect! The font color was  BROWN. You responded in %RT% ms","Press 1 for BLACK, <br>2 for <span style=""color:blue;"">BLUE</span>, <br>3 for <span style=""color:green;"">GREEN</span>, and <br>4 for <span style=""color:brown;"">BROWN</span>","word",400,NA,"1 2 3 4",6,NA,NA,NA,NA,"175%",NA,NA,NA,NA,NA,NA,NA,NA,400,24,16.68,84245,"4",1380,1,NA
"113","2",13,"test","IRK","stim1: brown",4,"practice",NA,"correct: Correct! You responded in %RT% ms ; incorrect: Incorrect! The font color was  BROWN. You responded in %RT% ms","Press 1 for BLACK, <br>2 for <span style=""color:blue;"">BLUE</span>, <br>3 for <span style=""color:green;"">GREEN</span>, and <br>4 for <span style=""color:brown;"">BROWN</span>","word",400,NA,"1 2 3 4",6,NA,NA,NA,NA,"175%",NA,NA,NA,NA,NA,NA,NA,NA,400,24,16.68,86495,"4",763,1,NA
"114","2",11,"test","TUSK","stim1: blue",2,"practice",NA,"correct: Correct! You responded in %RT% ms ; incorrect: Incorrect! The font color was  BLUE. You responded in %RT% ms","Press 1 for BLACK, <br>2 for <span style=""color:blue;"">BLUE</span>, <br>3 for <span style=""color:green;"">GREEN</span>, and <br>4 for <span style=""color:brown;"">BROWN</span>","word",400,NA,"1 2 3 4",6,NA,NA,NA,NA,"175%",NA,NA,NA,NA,NA,NA,NA,NA,401,24,16.7,88527,"2",1062,1,NA
"115","2",9,"test","BLUE","stim1: blue",2,"practice",NA,"correct: Correct! You responded in %RT% ms ; incorrect: Incorrect! The font color was  BLUE. You responded in %RT% ms","Press 1 for BLACK, <br>2 for <span style=""color:blue;"">BLUE</span>, <br>3 for <span style=""color:green;"">GREEN</span>, and <br>4 for <span style=""color:brown;"">BROWN</span>","word",400,NA,"1 2 3 4",6,NA,NA,NA,NA,"175%",NA,NA,NA,NA,NA,NA,NA,NA,400,24,16.68,91373,"2",1042,1,NA
"116","2",10,"test","BROWN","stim1: green",3,"practice",NA,"correct: Correct! You responded in %RT% ms ; incorrect: Incorrect! The font color was  GREEN. You responded in %RT% ms","Press 1 for BLACK, <br>2 for <span style=""color:blue;"">BLUE</span>, <br>3 for <span style=""color:green;"">GREEN</span>, and <br>4 for <span style=""color:brown;"">BROWN</span>","word",400,NA,"1 2 3 4",6,NA,NA,NA,NA,"175%",NA,NA,NA,NA,NA,NA,NA,NA,401,24,16.69,93844,"3",929,1,NA
"117","2",8,"test","GREEN","stim1: black",1,"practice",NA,"correct: Correct! You responded in %RT% ms ; incorrect: Incorrect! The font color was  BLACK. You responded in %RT% ms","Press 1 for BLACK, <br>2 for <span style=""color:blue;"">BLUE</span>, <br>3 for <span style=""color:green;"">GREEN</span>, and <br>4 for <span style=""color:brown;"">BROWN</span>","word",400,NA,"1 2 3 4",6,NA,NA,NA,NA,"175%",NA,NA,NA,NA,NA,NA,NA,NA,400,24,16.67,96551,"1",1304,1,NA
"118","2",12,"test","SEPIA","stim1: green",3,"practice",NA,"correct: Correct! You responded in %RT% ms ; incorrect: Incorrect! The font color was  GREEN. You responded in %RT% ms","Press 1 for BLACK, <br>2 for <span style=""color:blue;"">BLUE</span>, <br>3 for <span style=""color:green;"">GREEN</span>, and <br>4 for <span style=""color:brown;"">BROWN</span>","word",400,NA,"1 2 3 4",6,NA,NA,NA,NA,"175%",NA,NA,NA,NA,NA,NA,NA,NA,400,24,16.66,99175,"3",1378,1,NA
"119","2",80,"test","APEX","stim1: black",1,"filler","control",NA,"Press 1 for BLACK, <br>2 for <span style=""color:blue;"">BLUE</span>, <br>3 for <span style=""color:green;"">GREEN</span>, and <br>4 for <span style=""color:brown;"">BROWN</span>","word",400,NA,"1 2 3 4",8,NA,NA,NA,NA,"175%","apex","rare","noncolor",2.96,4,"rare_noncolor","control",NA,400,24,16.67,107886,"1",838,1,NA
"120","2",111,"test","TUSK","stim1: green",3,"filler","control",NA,"Press 1 for BLACK, <br>2 for <span style=""color:blue;"">BLUE</span>, <br>3 for <span style=""color:green;"">GREEN</span>, and <br>4 for <span style=""color:brown;"">BROWN</span>","word",400,NA,"1 2 3 4",8,NA,NA,NA,NA,"175%","tusk","rare","noncolor",3,4,"rare_noncolor","control",NA,400,24,16.68,109177,"3",896,1,NA
"121","2",32,"test","BLUE","stim1: black",1,"critical","incongruent",NA,"Press 1 for BLACK, <br>2 for <span style=""color:blue;"">BLUE</span>, <br>3 for <span style=""color:green;"">GREEN</span>, and <br>4 for <span style=""color:brown;"">BROWN</span>","word",400,NA,"1 2 3 4",8,NA,NA,NA,NA,"175%","blue","common","color",5.16,4,"common_color","incongruent",1,400,24,16.67,110402,"1",838,1,NA
"122","2",68,"test","OCHRE","stim1: brown",4,"filler","control",NA,"Press 1 for BLACK, <br>2 for <span style=""color:blue;"">BLUE</span>, <br>3 for <span style=""color:green;"">GREEN</span>, and <br>4 for <span style=""color:brown;"">BROWN</span>","word",400,NA,"1 2 3 4",8,NA,NA,NA,NA,"175%","ochre","rare","color",2.77,5,"rare_color","control",1,400,24,16.67,111770,"4",973,1,NA
"123","2",22,"test","AQUA","stim1: green",3,"filler","control",NA,"Press 1 for BLACK, <br>2 for <span style=""color:blue;"">BLUE</span>, <br>3 for <span style=""color:green;"">GREEN</span>, and <br>4 for <span style=""color:brown;"">BROWN</span>","word",400,NA,"1 2 3 4",8,NA,NA,NA,NA,"175%","aqua","rare","color",2.98,4,"rare_color","control",1,400,24,16.67,113066,"2",901,0,NA
"124","2",76,"test","SEPIA","stim1: brown",4,"filler","control",NA,"Press 1 for BLACK, <br>2 for <span style=""color:blue;"">BLUE</span>, <br>3 for <span style=""color:green;"">GREEN</span>, and <br>4 for <span style=""color:brown;"">BROWN</span>","word",400,NA,"1 2 3 4",8,NA,NA,NA,NA,"175%","sepia","rare","color",2.38,5,"rare_color","control",1,400,24,16.68,114632,"4",1168,1,NA
"125","2",67,"test","OCHRE","stim1: blue",2,"filler","control",NA,"Press 1 for BLACK, <br>2 for <span style=""color:blue;"">BLUE</span>, <br>3 for <span style=""color:green;"">GREEN</span>, and <br>4 for <span style=""color:brown;"">BROWN</span>","word",400,NA,"1 2 3 4",8,NA,NA,NA,NA,"175%","ochre","rare","color",2.77,5,"rare_color","control",2,400,24,16.65,116264,"2",1234,1,NA
"126","2",81,"test","APEX","stim1: blue",2,"filler","control",NA,"Press 1 for BLACK, <br>2 for <span style=""color:blue;"">BLUE</span>, <br>3 for <span style=""color:green;"">GREEN</span>, and <br>4 for <span style=""color:brown;"">BROWN</span>","word",400,NA,"1 2 3 4",8,NA,NA,NA,NA,"175%","apex","rare","noncolor",2.96,4,"rare_noncolor","control",NA,400,24,16.67,117732,"2",1068,1,NA
"127","2",100,"test","SLOW","stim1: black",1,"filler","control",NA,"Press 1 for BLACK, <br>2 for <span style=""color:blue;"">BLUE</span>, <br>3 for <span style=""color:green;"">GREEN</span>, and <br>4 for <span style=""color:brown;"">BROWN</span>","word",400,NA,"1 2 3 4",8,NA,NA,NA,NA,"175%","slow","common","noncolor",4.81,4,"common_noncolor","control",NA,400,24,16.68,118903,"1",772,1,NA
"128","2",66,"test","OCHRE","stim1: blue",2,"filler","control",NA,"Press 1 for BLACK, <br>2 for <span style=""color:blue;"">BLUE</span>, <br>3 for <span style=""color:green;"">GREEN</span>, and <br>4 for <span style=""color:brown;"">BROWN</span>","word",400,NA,"1 2 3 4",8,NA,NA,NA,NA,"175%","ochre","rare","color",2.77,5,"rare_color","control",1,400,24,16.65,120712,"2",1415,1,NA
"129","2",93,"test","IRK","stim1: blue",2,"filler","control",NA,"Press 1 for BLACK, <br>2 for <span style=""color:blue;"">BLUE</span>, <br>3 for <span style=""color:green;"">GREEN</span>, and <br>4 for <span style=""color:brown;"">BROWN</span>","word",400,NA,"1 2 3 4",8,NA,NA,NA,NA,"175%","irk","rare","noncolor",1.95,3,"rare_noncolor","control",NA,400,24,16.67,122052,"2",954,1,NA
"130","2",23,"test","AQUA","stim1: green",3,"filler","control",NA,"Press 1 for BLACK, <br>2 for <span style=""color:blue;"">BLUE</span>, <br>3 for <span style=""color:green;"">GREEN</span>, and <br>4 for <span style=""color:brown;"">BROWN</span>","word",400,NA,"1 2 3 4",8,NA,NA,NA,NA,"175%","aqua","rare","color",2.98,4,"rare_color","control",2,400,24,16.67,123056,"3",609,1,NA
"131","2",55,"test","GREEN","stim1: green",3,"critical","congruent",NA,"Press 1 for BLACK, <br>2 for <span style=""color:blue;"">BLUE</span>, <br>3 for <span style=""color:green;"">GREEN</span>, and <br>4 for <span style=""color:brown;"">BROWN</span>","word",400,NA,"1 2 3 4",8,NA,NA,NA,NA,"175%","green","common","color",5.22,5,"common_color","congruent",2,400,24,16.67,124218,"3",770,1,NA
"132","2",54,"test","GREEN","stim1: green",3,"critical","congruent",NA,"Press 1 for BLACK, <br>2 for <span style=""color:blue;"">BLUE</span>, <br>3 for <span style=""color:green;"">GREEN</span>, and <br>4 for <span style=""color:brown;"">BROWN</span>","word",400,NA,"1 2 3 4",8,NA,NA,NA,NA,"175%","green","common","color",5.22,5,"common_color","congruent",1,400,24,16.67,125494,"3",880,1,NA
"133","2",94,"test","IRK","stim1: brown",4,"filler","control",NA,"Press 1 for BLACK, <br>2 for <span style=""color:blue;"">BLUE</span>, <br>3 for <span style=""color:green;"">GREEN</span>, and <br>4 for <span style=""color:brown;"">BROWN</span>","word",400,NA,"1 2 3 4",8,NA,NA,NA,NA,"175%","irk","rare","noncolor",1.95,3,"rare_noncolor","control",NA,400,24,16.67,126615,"4",734,1,NA
"134","2",83,"test","APEX","stim1: green",3,"filler","control",NA,"Press 1 for BLACK, <br>2 for <span style=""color:blue;"">BLUE</span>, <br>3 for <span style=""color:green;"">GREEN</span>, and <br>4 for <span style=""color:brown;"">BROWN</span>","word",400,NA,"1 2 3 4",8,NA,NA,NA,NA,"175%","apex","rare","noncolor",2.96,4,"rare_noncolor","control",NA,400,24,16.66,127703,"3",689,1,NA
"135","2",70,"test","OCHRE","stim1: green",3,"filler","control",NA,"Press 1 for BLACK, <br>2 for <span style=""color:blue;"">BLUE</span>, <br>3 for <span style=""color:green;"">GREEN</span>, and <br>4 for <span style=""color:brown;"">BROWN</span>","word",400,NA,"1 2 3 4",8,NA,NA,NA,NA,"175%","ochre","rare","color",2.77,5,"rare_color","control",1,400,24,16.67,129420,"3",1323,1,NA
"136","2",75,"test","SEPIA","stim1: blue",2,"filler","control",NA,"Press 1 for BLACK, <br>2 for <span style=""color:blue;"">BLUE</span>, <br>3 for <span style=""color:green;"">GREEN</span>, and <br>4 for <span style=""color:brown;"">BROWN</span>","word",400,NA,"1 2 3 4",8,NA,NA,NA,NA,"175%","sepia","rare","color",2.38,5,"rare_color","control",2,400,24,16.68,130962,"2",1148,1,NA
"137","2",74,"test","SEPIA","stim1: blue",2,"filler","control",NA,"Press 1 for BLACK, <br>2 for <span style=""color:blue;"">BLUE</span>, <br>3 for <span style=""color:green;"">GREEN</span>, and <br>4 for <span style=""color:brown;"">BROWN</span>","word",400,NA,"1 2 3 4",8,NA,NA,NA,NA,"175%","sepia","rare","color",2.38,5,"rare_color","control",1,400,24,16.67,132021,"2",673,1,NA
"138","2",41,"test","BROWN","stim1: black",1,"critical","incongruent",NA,"Press 1 for BLACK, <br>2 for <span style=""color:blue;"">BLUE</span>, <br>3 for <span style=""color:green;"">GREEN</span>, and <br>4 for <span style=""color:brown;"">BROWN</span>","word",400,NA,"1 2 3 4",8,NA,NA,NA,NA,"175%","brown","common","color",5.01,5,"common_color","incongruent",2,400,24,16.65,133298,"1",884,1,NA
"139","2",24,"test","BLACK","stim1: black",1,"critical","congruent",NA,"Press 1 for BLACK, <br>2 for <span style=""color:blue;"">BLUE</span>, <br>3 for <span style=""color:green;"">GREEN</span>, and <br>4 for <span style=""color:brown;"">BROWN</span>","word",400,NA,"1 2 3 4",8,NA,NA,NA,NA,"175%","black","common","color",5.26,5,"common_color","congruent",1,400,24,16.66,134574,"1",893,1,NA
"140","2",87,"test","BIG","stim1: green",3,"filler","control",NA,"Press 1 for BLACK, <br>2 for <span style=""color:blue;"">BLUE</span>, <br>3 for <span style=""color:green;"">GREEN</span>, and <br>4 for <span style=""color:brown;"">BROWN</span>","word",400,NA,"1 2 3 4",8,NA,NA,NA,NA,"175%","big","common","noncolor",5.94,3,"common_noncolor","control",NA,400,24,16.67,136078,"3",1114,1,NA
"141","2",38,"test","BLUE","stim1: green",3,"critical","incongruent",NA,"Press 1 for BLACK, <br>2 for <span style=""color:blue;"">BLUE</span>, <br>3 for <span style=""color:green;"">GREEN</span>, and <br>4 for <span style=""color:brown;"">BROWN</span>","word",400,NA,"1 2 3 4",8,NA,NA,NA,NA,"175%","blue","common","color",5.16,4,"common_color","incongruent",1,400,24,16.68,137117,"3",653,1,NA
"142","2",90,"test","FAST","stim1: brown",4,"filler","control",NA,"Press 1 for BLACK, <br>2 for <span style=""color:blue;"">BLUE</span>, <br>3 for <span style=""color:green;"">GREEN</span>, and <br>4 for <span style=""color:brown;"">BROWN</span>","word",400,NA,"1 2 3 4",8,NA,NA,NA,NA,"175%","fast","common","noncolor",5.09,4,"common_noncolor","control",NA,400,24,16.67,138245,"4",730,1,NA
"143","2",95,"test","IRK","stim1: green",3,"filler","control",NA,"Press 1 for BLACK, <br>2 for <span style=""color:blue;"">BLUE</span>, <br>3 for <span style=""color:green;"">GREEN</span>, and <br>4 for <span style=""color:brown;"">BROWN</span>","word",400,NA,"1 2 3 4",8,NA,NA,NA,NA,"175%","irk","rare","noncolor",1.95,3,"rare_noncolor","control",NA,400,24,16.68,139687,"3",1056,1,NA
"144","2",27,"test","BLACK","stim1: blue",2,"critical","incongruent",NA,"Press 1 for BLACK, <br>2 for <span style=""color:blue;"">BLUE</span>, <br>3 for <span style=""color:green;"">GREEN</span>, and <br>4 for <span style=""color:brown;"">BROWN</span>","word",400,NA,"1 2 3 4",8,NA,NA,NA,NA,"175%","black","common","color",5.26,5,"common_color","incongruent",2,392,23,17.06,141258,"2",1193,1,NA
"145","2",98,"test","NYMPH","stim1: brown",4,"filler","control",NA,"Press 1 for BLACK, <br>2 for <span style=""color:blue;"">BLUE</span>, <br>3 for <span style=""color:green;"">GREEN</span>, and <br>4 for <span style=""color:brown;"">BROWN</span>","word",400,NA,"1 2 3 4",8,NA,NA,NA,NA,"175%","nymph","rare","noncolor",2.72,5,"rare_noncolor","control",NA,400,24,16.65,142401,"4",754,1,NA
"146","2",46,"test","BROWN","stim1: green",3,"critical","incongruent",NA,"Press 1 for BLACK, <br>2 for <span style=""color:blue;"">BLUE</span>, <br>3 for <span style=""color:green;"">GREEN</span>, and <br>4 for <span style=""color:brown;"">BROWN</span>","word",400,NA,"1 2 3 4",8,NA,NA,NA,NA,"175%","brown","common","color",5.01,5,"common_color","incongruent",1,400,24,16.67,144171,"3",1373,1,NA
"147","2",110,"test","TUSK","stim1: brown",4,"filler","control",NA,"Press 1 for BLACK, <br>2 for <span style=""color:blue;"">BLUE</span>, <br>3 for <span style=""color:green;"">GREEN</span>, and <br>4 for <span style=""color:brown;"">BROWN</span>","word",400,NA,"1 2 3 4",8,NA,NA,NA,NA,"175%","tusk","rare","noncolor",3,4,"rare_noncolor","control",NA,400,24,16.68,145601,"4",1037,1,NA
"148","2",99,"test","NYMPH","stim1: green",3,"filler","control",NA,"Press 1 for BLACK, <br>2 for <span style=""color:blue;"">BLUE</span>, <br>3 for <span style=""color:green;"">GREEN</span>, and <br>4 for <span style=""color:brown;"">BROWN</span>","word",400,NA,"1 2 3 4",8,NA,NA,NA,NA,"175%","nymph","rare","noncolor",2.72,5,"rare_noncolor","control",NA,400,24,16.68,146742,"3",743,1,NA
"149","2",107,"test","SMALL","stim1: green",3,"filler","control",NA,"Press 1 for BLACK, <br>2 for <span style=""color:blue;"">BLUE</span>, <br>3 for <span style=""color:green;"">GREEN</span>, and <br>4 for <span style=""color:brown;"">BROWN</span>","word",400,NA,"1 2 3 4",8,NA,NA,NA,NA,"175%","small","common","noncolor",5.43,5,"common_noncolor","control",NA,400,24,16.65,147963,"3",832,1,NA
"150","2",30,"test","BLACK","stim1: green",3,"critical","incongruent",NA,"Press 1 for BLACK, <br>2 for <span style=""color:blue;"">BLUE</span>, <br>3 for <span style=""color:green;"">GREEN</span>, and <br>4 for <span style=""color:brown;"">BROWN</span>","word",400,NA,"1 2 3 4",8,NA,NA,NA,NA,"175%","black","common","color",5.26,5,"common_color","incongruent",1,400,24,16.67,149099,"3",751,1,NA
"151","2",47,"test","BROWN","stim1: green",3,"critical","incongruent",NA,"Press 1 for BLACK, <br>2 for <span style=""color:blue;"">BLUE</span>, <br>3 for <span style=""color:green;"">GREEN</span>, and <br>4 for <span style=""color:brown;"">BROWN</span>","word",400,NA,"1 2 3 4",8,NA,NA,NA,NA,"175%","brown","common","color",5.01,5,"common_color","incongruent",2,400,24,16.67,150905,"3",1407,1,NA
"152","2",84,"test","BIG","stim1: black",1,"filler","control",NA,"Press 1 for BLACK, <br>2 for <span style=""color:blue;"">BLUE</span>, <br>3 for <span style=""color:green;"">GREEN</span>, and <br>4 for <span style=""color:brown;"">BROWN</span>","word",400,NA,"1 2 3 4",8,NA,NA,NA,NA,"175%","big","common","noncolor",5.94,3,"common_noncolor","control",NA,400,24,16.65,152070,"1",772,1,NA
"153","2",85,"test","BIG","stim1: blue",2,"filler","control",NA,"Press 1 for BLACK, <br>2 for <span style=""color:blue;"">BLUE</span>, <br>3 for <span style=""color:green;"">GREEN</span>, and <br>4 for <span style=""color:brown;"">BROWN</span>","word",400,NA,"1 2 3 4",8,NA,NA,NA,NA,"175%","big","common","noncolor",5.94,3,"common_noncolor","control",NA,400,24,16.68,153306,"2",841,1,NA
"154","2",35,"test","BLUE","stim1: blue",2,"critical","congruent",NA,"Press 1 for BLACK, <br>2 for <span style=""color:blue;"">BLUE</span>, <br>3 for <span style=""color:green;"">GREEN</span>, and <br>4 for <span style=""color:brown;"">BROWN</span>","word",400,NA,"1 2 3 4",8,NA,NA,NA,NA,"175%","blue","common","color",5.16,4,"common_color","congruent",2,400,24,16.68,154574,"2",875,1,NA
"155","2",92,"test","IRK","stim1: black",1,"filler","control",NA,"Press 1 for BLACK, <br>2 for <span style=""color:blue;"">BLUE</span>, <br>3 for <span style=""color:green;"">GREEN</span>, and <br>4 for <span style=""color:brown;"">BROWN</span>","word",400,NA,"1 2 3 4",8,NA,NA,NA,NA,"175%","irk","rare","noncolor",1.95,3,"rare_noncolor","control",NA,400,24,16.67,155771,"1",805,1,NA
"156","2",43,"test","BROWN","stim1: blue",2,"critical","incongruent",NA,"Press 1 for BLACK, <br>2 for <span style=""color:blue;"">BLUE</span>, <br>3 for <span style=""color:green;"">GREEN</span>, and <br>4 for <span style=""color:brown;"">BROWN</span>","word",400,NA,"1 2 3 4",8,NA,NA,NA,NA,"175%","brown","common","color",5.01,5,"common_color","incongruent",2,400,24,16.67,157154,"2",989,1,NA
"157","2",26,"test","BLACK","stim1: blue",2,"critical","incongruent",NA,"Press 1 for BLACK, <br>2 for <span style=""color:blue;"">BLUE</span>, <br>3 for <span style=""color:green;"">GREEN</span>, and <br>4 for <span style=""color:brown;"">BROWN</span>","word",400,NA,"1 2 3 4",8,NA,NA,NA,NA,"175%","black","common","color",5.26,5,"common_color","incongruent",1,400,24,16.68,158446,"2",898,1,NA
"158","2",65,"test","OCHRE","stim1: black",1,"filler","control",NA,"Press 1 for BLACK, <br>2 for <span style=""color:blue;"">BLUE</span>, <br>3 for <span style=""color:green;"">GREEN</span>, and <br>4 for <span style=""color:brown;"">BROWN</span>","word",400,NA,"1 2 3 4",8,NA,NA,NA,NA,"175%","ochre","rare","color",2.77,5,"rare_color","control",2,400,24,16.65,159635,"1",804,1,NA
"159","2",29,"test","BLACK","stim1: brown",4,"critical","incongruent",NA,"Press 1 for BLACK, <br>2 for <span style=""color:blue;"">BLUE</span>, <br>3 for <span style=""color:green;"">GREEN</span>, and <br>4 for <span style=""color:brown;"">BROWN</span>","word",400,NA,"1 2 3 4",8,NA,NA,NA,NA,"175%","black","common","color",5.26,5,"common_color","incongruent",2,400,24,16.67,160745,"3",713,0,NA
"160","2",51,"test","GREEN","stim1: blue",2,"critical","incongruent",NA,"Press 1 for BLACK, <br>2 for <span style=""color:blue;"">BLUE</span>, <br>3 for <span style=""color:green;"">GREEN</span>, and <br>4 for <span style=""color:brown;"">BROWN</span>","word",400,NA,"1 2 3 4",8,NA,NA,NA,NA,"175%","green","common","color",5.22,5,"common_color","incongruent",2,400,24,16.66,162576,"2",1444,1,NA
"161","2",63,"test","MAUVE","stim1: green",3,"filler","control",NA,"Press 1 for BLACK, <br>2 for <span style=""color:blue;"">BLUE</span>, <br>3 for <span style=""color:green;"">GREEN</span>, and <br>4 for <span style=""color:brown;"">BROWN</span>","word",400,NA,"1 2 3 4",8,NA,NA,NA,NA,"175%","mauve","rare","color",2.71,5,"rare_color","control",2,400,24,16.66,163926,"3",960,1,NA
"162","2",21,"test","AQUA","stim1: brown",4,"filler","control",NA,"Press 1 for BLACK, <br>2 for <span style=""color:blue;"">BLUE</span>, <br>3 for <span style=""color:green;"">GREEN</span>, and <br>4 for <span style=""color:brown;"">BROWN</span>","word",400,NA,"1 2 3 4",8,NA,NA,NA,NA,"175%","aqua","rare","color",2.98,4,"rare_color","control",2,400,24,16.67,165191,"4",876,1,NA
"163","2",73,"test","SEPIA","stim1: black",1,"filler","control",NA,"Press 1 for BLACK, <br>2 for <span style=""color:blue;"">BLUE</span>, <br>3 for <span style=""color:green;"">GREEN</span>, and <br>4 for <span style=""color:brown;"">BROWN</span>","word",400,NA,"1 2 3 4",8,NA,NA,NA,NA,"175%","sepia","rare","color",2.38,5,"rare_color","control",2,400,24,16.68,166296,"1",714,1,NA
"164","2",77,"test","SEPIA","stim1: brown",4,"filler","control",NA,"Press 1 for BLACK, <br>2 for <span style=""color:blue;"">BLUE</span>, <br>3 for <span style=""color:green;"">GREEN</span>, and <br>4 for <span style=""color:brown;"">BROWN</span>","word",400,NA,"1 2 3 4",8,NA,NA,NA,NA,"175%","sepia","rare","color",2.38,5,"rare_color","control",2,400,24,16.66,167508,"4",826,1,NA
"165","2",89,"test","FAST","stim1: blue",2,"filler","control",NA,"Press 1 for BLACK, <br>2 for <span style=""color:blue;"">BLUE</span>, <br>3 for <span style=""color:green;"">GREEN</span>, and <br>4 for <span style=""color:brown;"">BROWN</span>","word",400,NA,"1 2 3 4",8,NA,NA,NA,NA,"175%","fast","common","noncolor",5.09,4,"common_noncolor","control",NA,400,24,16.67,168701,"2",803,1,NA
"166","2",53,"test","GREEN","stim1: brown",4,"critical","incongruent",NA,"Press 1 for BLACK, <br>2 for <span style=""color:blue;"">BLUE</span>, <br>3 for <span style=""color:green;"">GREEN</span>, and <br>4 for <span style=""color:brown;"">BROWN</span>","word",400,NA,"1 2 3 4",8,NA,NA,NA,NA,"175%","green","common","color",5.22,5,"common_color","incongruent",2,400,24,16.65,170078,"4",979,1,NA
"167","2",20,"test","AQUA","stim1: brown",4,"filler","control",NA,"Press 1 for BLACK, <br>2 for <span style=""color:blue;"">BLUE</span>, <br>3 for <span style=""color:green;"">GREEN</span>, and <br>4 for <span style=""color:brown;"">BROWN</span>","word",400,NA,"1 2 3 4",8,NA,NA,NA,NA,"175%","aqua","rare","color",2.98,4,"rare_color","control",1,400,24,16.66,171188,"4",722,1,NA
"168","2",108,"test","TUSK","stim1: black",1,"filler","control",NA,"Press 1 for BLACK, <br>2 for <span style=""color:blue;"">BLUE</span>, <br>3 for <span style=""color:green;"">GREEN</span>, and <br>4 for <span style=""color:brown;"">BROWN</span>","word",400,NA,"1 2 3 4",8,NA,NA,NA,NA,"175%","tusk","rare","noncolor",3,4,"rare_noncolor","control",NA,400,24,16.66,172423,"1",841,1,NA
"169","2",82,"test","APEX","stim1: brown",4,"filler","control",NA,"Press 1 for BLACK, <br>2 for <span style=""color:blue;"">BLUE</span>, <br>3 for <span style=""color:green;"">GREEN</span>, and <br>4 for <span style=""color:brown;"">BROWN</span>","word",400,NA,"1 2 3 4",8,NA,NA,NA,NA,"175%","apex","rare","noncolor",2.96,4,"rare_noncolor","control",NA,400,24,16.65,173431,"4",615,1,NA
"170","2",37,"test","BLUE","stim1: brown",4,"critical","incongruent",NA,"Press 1 for BLACK, <br>2 for <span style=""color:blue;"">BLUE</span>, <br>3 for <span style=""color:green;"">GREEN</span>, and <br>4 for <span style=""color:brown;"">BROWN</span>","word",400,NA,"1 2 3 4",8,NA,NA,NA,NA,"175%","blue","common","color",5.16,4,"common_color","incongruent",2,400,24,16.66,174673,"4",858,1,NA
"171","2",69,"test","OCHRE","stim1: brown",4,"filler","control",NA,"Press 1 for BLACK, <br>2 for <span style=""color:blue;"">BLUE</span>, <br>3 for <span style=""color:green;"">GREEN</span>, and <br>4 for <span style=""color:brown;"">BROWN</span>","word",400,NA,"1 2 3 4",8,NA,NA,NA,NA,"175%","ochre","rare","color",2.77,5,"rare_color","control",2,400,24,16.65,175623,"4",557,1,NA
"172","2",104,"test","SMALL","stim1: black",1,"filler","control",NA,"Press 1 for BLACK, <br>2 for <span style=""color:blue;"">BLUE</span>, <br>3 for <span style=""color:green;"">GREEN</span>, and <br>4 for <span style=""color:brown;"">BROWN</span>","word",400,NA,"1 2 3 4",8,NA,NA,NA,NA,"175%","small","common","noncolor",5.43,5,"common_noncolor","control",NA,400,24,16.66,176461,"1",446,1,NA
"173","2",61,"test","MAUVE","stim1: brown",4,"filler","control",NA,"Press 1 for BLACK, <br>2 for <span style=""color:blue;"">BLUE</span>, <br>3 for <span style=""color:green;"">GREEN</span>, and <br>4 for <span style=""color:brown;"">BROWN</span>","word",400,NA,"1 2 3 4",8,NA,NA,NA,NA,"175%","mauve","rare","color",2.71,5,"rare_color","control",2,400,24,16.66,177273,"4",424,1,NA
"174","2",91,"test","FAST","stim1: green",3,"filler","control",NA,"Press 1 for BLACK, <br>2 for <span style=""color:blue;"">BLUE</span>, <br>3 for <span style=""color:green;"">GREEN</span>, and <br>4 for <span style=""color:brown;"">BROWN</span>","word",400,NA,"1 2 3 4",8,NA,NA,NA,NA,"175%","fast","common","noncolor",5.09,4,"common_noncolor","control",NA,400,24,16.68,178345,"3",680,1,NA
"175","2",44,"test","BROWN","stim1: brown",4,"critical","congruent",NA,"Press 1 for BLACK, <br>2 for <span style=""color:blue;"">BLUE</span>, <br>3 for <span style=""color:green;"">GREEN</span>, and <br>4 for <span style=""color:brown;"">BROWN</span>","word",400,NA,"1 2 3 4",8,NA,NA,NA,NA,"175%","brown","common","color",5.01,5,"common_color","congruent",1,400,24,16.65,179364,"4",632,1,NA
"176","2",72,"test","SEPIA","stim1: black",1,"filler","control",NA,"Press 1 for BLACK, <br>2 for <span style=""color:blue;"">BLUE</span>, <br>3 for <span style=""color:green;"">GREEN</span>, and <br>4 for <span style=""color:brown;"">BROWN</span>","word",400,NA,"1 2 3 4",8,NA,NA,NA,NA,"175%","sepia","rare","color",2.38,5,"rare_color","control",1,400,24,16.65,180386,"1",621,1,NA
"177","2",48,"test","GREEN","stim1: black",1,"critical","incongruent",NA,"Press 1 for BLACK, <br>2 for <span style=""color:blue;"">BLUE</span>, <br>3 for <span style=""color:green;"">GREEN</span>, and <br>4 for <span style=""color:brown;"">BROWN</span>","word",400,NA,"1 2 3 4",8,NA,NA,NA,NA,"175%","green","common","color",5.22,5,"common_color","incongruent",1,400,24,16.67,181245,"4",464,0,NA
"178","2",45,"test","BROWN","stim1: brown",4,"critical","congruent",NA,"Press 1 for BLACK, <br>2 for <span style=""color:blue;"">BLUE</span>, <br>3 for <span style=""color:green;"">GREEN</span>, and <br>4 for <span style=""color:brown;"">BROWN</span>","word",400,NA,"1 2 3 4",8,NA,NA,NA,NA,"175%","brown","common","color",5.01,5,"common_color","congruent",2,400,24,16.67,183209,"4",1577,1,NA
"179","2",71,"test","OCHRE","stim1: green",3,"filler","control",NA,"Press 1 for BLACK, <br>2 for <span style=""color:blue;"">BLUE</span>, <br>3 for <span style=""color:green;"">GREEN</span>, and <br>4 for <span style=""color:brown;"">BROWN</span>","word",400,NA,"1 2 3 4",8,NA,NA,NA,NA,"175%","ochre","rare","color",2.77,5,"rare_color","control",2,400,24,16.68,184926,"3",1327,1,NA
"180","2",19,"test","AQUA","stim1: blue",2,"filler","control",NA,"Press 1 for BLACK, <br>2 for <span style=""color:blue;"">BLUE</span>, <br>3 for <span style=""color:green;"">GREEN</span>, and <br>4 for <span style=""color:brown;"">BROWN</span>","word",400,NA,"1 2 3 4",8,NA,NA,NA,NA,"175%","aqua","rare","color",2.98,4,"rare_color","control",2,400,24,16.65,186075,"2",759,1,NA
"181","2",49,"test","GREEN","stim1: black",1,"critical","incongruent",NA,"Press 1 for BLACK, <br>2 for <span style=""color:blue;"">BLUE</span>, <br>3 for <span style=""color:green;"">GREEN</span>, and <br>4 for <span style=""color:brown;"">BROWN</span>","word",400,NA,"1 2 3 4",8,NA,NA,NA,NA,"175%","green","common","color",5.22,5,"common_color","incongruent",2,400,24,16.66,187132,"1",666,1,NA
"182","2",106,"test","SMALL","stim1: brown",4,"filler","control",NA,"Press 1 for BLACK, <br>2 for <span style=""color:blue;"">BLUE</span>, <br>3 for <span style=""color:green;"">GREEN</span>, and <br>4 for <span style=""color:brown;"">BROWN</span>","word",400,NA,"1 2 3 4",8,NA,NA,NA,NA,"175%","small","common","noncolor",5.43,5,"common_noncolor","control",NA,400,24,16.67,188318,"3",786,0,NA
"183","2",58,"test","MAUVE","stim1: blue",2,"filler","control",NA,"Press 1 for BLACK, <br>2 for <span style=""color:blue;"">BLUE</span>, <br>3 for <span style=""color:green;"">GREEN</span>, and <br>4 for <span style=""color:brown;"">BROWN</span>","word",400,NA,"1 2 3 4",8,NA,NA,NA,NA,"175%","mauve","rare","color",2.71,5,"rare_color","control",1,400,24,16.66,190074,"2",1359,1,NA
"184","2",56,"test","MAUVE","stim1: black",1,"filler","control",NA,"Press 1 for BLACK, <br>2 for <span style=""color:blue;"">BLUE</span>, <br>3 for <span style=""color:green;"">GREEN</span>, and <br>4 for <span style=""color:brown;"">BROWN</span>","word",400,NA,"1 2 3 4",8,NA,NA,NA,NA,"175%","mauve","rare","color",2.71,5,"rare_color","control",1,400,24,16.67,191137,"1",671,1,NA
"185","2",97,"test","NYMPH","stim1: blue",2,"filler","control",NA,"Press 1 for BLACK, <br>2 for <span style=""color:blue;"">BLUE</span>, <br>3 for <span style=""color:green;"">GREEN</span>, and <br>4 for <span style=""color:brown;"">BROWN</span>","word",400,NA,"1 2 3 4",8,NA,NA,NA,NA,"175%","nymph","rare","noncolor",2.72,5,"rare_noncolor","control",NA,400,24,16.67,192737,"2",1204,1,NA
"186","2",86,"test","BIG","stim1: brown",4,"filler","control",NA,"Press 1 for BLACK, <br>2 for <span style=""color:blue;"">BLUE</span>, <br>3 for <span style=""color:green;"">GREEN</span>, and <br>4 for <span style=""color:brown;"">BROWN</span>","word",400,NA,"1 2 3 4",8,NA,NA,NA,NA,"175%","big","common","noncolor",5.94,3,"common_noncolor","control",NA,400,24,16.65,193690,"4",557,1,NA
"187","2",79,"test","SEPIA","stim1: green",3,"filler","control",NA,"Press 1 for BLACK, <br>2 for <span style=""color:blue;"">BLUE</span>, <br>3 for <span style=""color:green;"">GREEN</span>, and <br>4 for <span style=""color:brown;"">BROWN</span>","word",400,NA,"1 2 3 4",8,NA,NA,NA,NA,"175%","sepia","rare","color",2.38,5,"rare_color","control",2,400,24,16.68,194698,"3",615,1,NA
"188","2",34,"test","BLUE","stim1: blue",2,"critical","congruent",NA,"Press 1 for BLACK, <br>2 for <span style=""color:blue;"">BLUE</span>, <br>3 for <span style=""color:green;"">GREEN</span>, and <br>4 for <span style=""color:brown;"">BROWN</span>","word",400,NA,"1 2 3 4",8,NA,NA,NA,NA,"175%","blue","common","color",5.16,4,"common_color","congruent",1,400,24,16.67,196027,"2",928,1,NA
"189","2",103,"test","SLOW","stim1: green",3,"filler","control",NA,"Press 1 for BLACK, <br>2 for <span style=""color:blue;"">BLUE</span>, <br>3 for <span style=""color:green;"">GREEN</span>, and <br>4 for <span style=""color:brown;"">BROWN</span>","word",400,NA,"1 2 3 4",8,NA,NA,NA,NA,"175%","slow","common","noncolor",4.81,4,"common_noncolor","control",NA,400,24,16.68,197237,"3",821,1,NA
"190","2",33,"test","BLUE","stim1: black",1,"critical","incongruent",NA,"Press 1 for BLACK, <br>2 for <span style=""color:blue;"">BLUE</span>, <br>3 for <span style=""color:green;"">GREEN</span>, and <br>4 for <span style=""color:brown;"">BROWN</span>","word",400,NA,"1 2 3 4",8,NA,NA,NA,NA,"175%","blue","common","color",5.16,4,"common_color","incongruent",2,400,24,16.68,198253,"1",620,1,NA
"191","2",31,"test","BLACK","stim1: green",3,"critical","incongruent",NA,"Press 1 for BLACK, <br>2 for <span style=""color:blue;"">BLUE</span>, <br>3 for <span style=""color:green;"">GREEN</span>, and <br>4 for <span style=""color:brown;"">BROWN</span>","word",400,NA,"1 2 3 4",8,NA,NA,NA,NA,"175%","black","common","color",5.26,5,"common_color","incongruent",2,400,24,16.68,200003,"3",1354,1,NA
"192","2",109,"test","TUSK","stim1: blue",2,"filler","control",NA,"Press 1 for BLACK, <br>2 for <span style=""color:blue;"">BLUE</span>, <br>3 for <span style=""color:green;"">GREEN</span>, and <br>4 for <span style=""color:brown;"">BROWN</span>","word",400,NA,"1 2 3 4",8,NA,NA,NA,NA,"175%","tusk","rare","noncolor",3,4,"rare_noncolor","control",NA,400,24,16.65,201265,"2",866,1,NA
"193","2",64,"test","OCHRE","stim1: black",1,"filler","control",NA,"Press 1 for BLACK, <br>2 for <span style=""color:blue;"">BLUE</span>, <br>3 for <span style=""color:green;"">GREEN</span>, and <br>4 for <span style=""color:brown;"">BROWN</span>","word",400,NA,"1 2 3 4",8,NA,NA,NA,NA,"175%","ochre","rare","color",2.77,5,"rare_color","control",1,400,24,16.68,202330,"1",663,1,NA
"194","2",96,"test","NYMPH","stim1: black",1,"filler","control",NA,"Press 1 for BLACK, <br>2 for <span style=""color:blue;"">BLUE</span>, <br>3 for <span style=""color:green;"">GREEN</span>, and <br>4 for <span style=""color:brown;"">BROWN</span>","word",400,NA,"1 2 3 4",8,NA,NA,NA,NA,"175%","nymph","rare","noncolor",2.72,5,"rare_noncolor","control",NA,400,24,16.66,203316,"1",600,1,NA
"195","2",36,"test","BLUE","stim1: brown",4,"critical","incongruent",NA,"Press 1 for BLACK, <br>2 for <span style=""color:blue;"">BLUE</span>, <br>3 for <span style=""color:green;"">GREEN</span>, and <br>4 for <span style=""color:brown;"">BROWN</span>","word",400,NA,"1 2 3 4",8,NA,NA,NA,NA,"175%","blue","common","color",5.16,4,"common_color","incongruent",1,400,24,16.66,204248,"4",532,1,NA
"196","2",88,"test","FAST","stim1: black",1,"filler","control",NA,"Press 1 for BLACK, <br>2 for <span style=""color:blue;"">BLUE</span>, <br>3 for <span style=""color:green;"">GREEN</span>, and <br>4 for <span style=""color:brown;"">BROWN</span>","word",400,NA,"1 2 3 4",8,NA,NA,NA,NA,"175%","fast","common","noncolor",5.09,4,"common_noncolor","control",NA,400,24,16.67,205459,"1",809,1,NA
"197","2",40,"test","BROWN","stim1: black",1,"critical","incongruent",NA,"Press 1 for BLACK, <br>2 for <span style=""color:blue;"">BLUE</span>, <br>3 for <span style=""color:green;"">GREEN</span>, and <br>4 for <span style=""color:brown;"">BROWN</span>","word",400,NA,"1 2 3 4",8,NA,NA,NA,NA,"175%","brown","common","color",5.01,5,"common_color","incongruent",1,400,24,16.65,206724,"1",874,1,NA
"198","2",39,"test","BLUE","stim1: green",3,"critical","incongruent",NA,"Press 1 for BLACK, <br>2 for <span style=""color:blue;"">BLUE</span>, <br>3 for <span style=""color:green;"">GREEN</span>, and <br>4 for <span style=""color:brown;"">BROWN</span>","word",400,NA,"1 2 3 4",8,NA,NA,NA,NA,"175%","blue","common","color",5.16,4,"common_color","incongruent",2,400,24,16.67,208056,"3",940,1,NA
"199","2",60,"test","MAUVE","stim1: brown",4,"filler","control",NA,"Press 1 for BLACK, <br>2 for <span style=""color:blue;"">BLUE</span>, <br>3 for <span style=""color:green;"">GREEN</span>, and <br>4 for <span style=""color:brown;"">BROWN</span>","word",400,NA,"1 2 3 4",8,NA,NA,NA,NA,"175%","mauve","rare","color",2.71,5,"rare_color","control",1,400,24,16.67,209240,"4",790,1,NA
"200","2",52,"test","GREEN","stim1: brown",4,"critical","incongruent",NA,"Press 1 for BLACK, <br>2 for <span style=""color:blue;"">BLUE</span>, <br>3 for <span style=""color:green;"">GREEN</span>, and <br>4 for <span style=""color:brown;"">BROWN</span>","word",400,NA,"1 2 3 4",8,NA,NA,NA,NA,"175%","green","common","color",5.22,5,"common_color","incongruent",1,400,24,16.67,210290,"4",657,1,NA
"201","2",101,"test","SLOW","stim1: blue",2,"filler","control",NA,"Press 1 for BLACK, <br>2 for <span style=""color:blue;"">BLUE</span>, <br>3 for <span style=""color:green;"">GREEN</span>, and <br>4 for <span style=""color:brown;"">BROWN</span>","word",400,NA,"1 2 3 4",8,NA,NA,NA,NA,"175%","slow","common","noncolor",4.81,4,"common_noncolor","control",NA,400,24,16.65,211672,"2",989,1,NA
"202","2",78,"test","SEPIA","stim1: green",3,"filler","control",NA,"Press 1 for BLACK, <br>2 for <span style=""color:blue;"">BLUE</span>, <br>3 for <span style=""color:green;"">GREEN</span>, and <br>4 for <span style=""color:brown;"">BROWN</span>","word",400,NA,"1 2 3 4",8,NA,NA,NA,NA,"175%","sepia","rare","color",2.38,5,"rare_color","control",1,400,24,16.66,212526,"3",460,1,NA
"203","2",25,"test","BLACK","stim1: black",1,"critical","congruent",NA,"Press 1 for BLACK, <br>2 for <span style=""color:blue;"">BLUE</span>, <br>3 for <span style=""color:green;"">GREEN</span>, and <br>4 for <span style=""color:brown;"">BROWN</span>","word",400,NA,"1 2 3 4",8,NA,NA,NA,NA,"175%","black","common","color",5.26,5,"common_color","congruent",2,400,24,16.67,213604,"1",687,1,NA
"204","2",50,"test","GREEN","stim1: blue",2,"critical","incongruent",NA,"Press 1 for BLACK, <br>2 for <span style=""color:blue;"">BLUE</span>, <br>3 for <span style=""color:green;"">GREEN</span>, and <br>4 for <span style=""color:brown;"">BROWN</span>","word",400,NA,"1 2 3 4",8,NA,NA,NA,NA,"175%","green","common","color",5.22,5,"common_color","incongruent",1,400,24,16.67,214815,"2",815,1,NA
"205","2",62,"test","MAUVE","stim1: green",3,"filler","control",NA,"Press 1 for BLACK, <br>2 for <span style=""color:blue;"">BLUE</span>, <br>3 for <span style=""color:green;"">GREEN</span>, and <br>4 for <span style=""color:brown;"">BROWN</span>","word",400,NA,"1 2 3 4",8,NA,NA,NA,NA,"175%","mauve","rare","color",2.71,5,"rare_color","control",1,400,24,16.68,216447,"3",1248,1,NA
"206","2",57,"test","MAUVE","stim1: black",1,"filler","control",NA,"Press 1 for BLACK, <br>2 for <span style=""color:blue;"">BLUE</span>, <br>3 for <span style=""color:green;"">GREEN</span>, and <br>4 for <span style=""color:brown;"">BROWN</span>","word",400,NA,"1 2 3 4",8,NA,NA,NA,NA,"175%","mauve","rare","color",2.71,5,"rare_color","control",2,400,24,16.66,217848,"1",1015,1,NA
"207","2",105,"test","SMALL","stim1: blue",2,"filler","control",NA,"Press 1 for BLACK, <br>2 for <span style=""color:blue;"">BLUE</span>, <br>3 for <span style=""color:green;"">GREEN</span>, and <br>4 for <span style=""color:brown;"">BROWN</span>","word",400,NA,"1 2 3 4",8,NA,NA,NA,NA,"175%","small","common","noncolor",5.43,5,"common_noncolor","control",NA,400,24,16.67,218877,"3",644,0,NA
"208","2",18,"test","AQUA","stim1: blue",2,"filler","control",NA,"Press 1 for BLACK, <br>2 for <span style=""color:blue;"">BLUE</span>, <br>3 for <span style=""color:green;"">GREEN</span>, and <br>4 for <span style=""color:brown;"">BROWN</span>","word",400,NA,"1 2 3 4",8,NA,NA,NA,NA,"175%","aqua","rare","color",2.98,4,"rare_color","control",1,400,24,16.66,219959,"2",692,1,NA
"209","2",16,"test","AQUA","stim1: black",1,"filler","control",NA,"Press 1 for BLACK, <br>2 for <span style=""color:blue;"">BLUE</span>, <br>3 for <span style=""color:green;"">GREEN</span>, and <br>4 for <span style=""color:brown;"">BROWN</span>","word",400,NA,"1 2 3 4",8,NA,NA,NA,NA,"175%","aqua","rare","color",2.98,4,"rare_color","control",1,400,24,16.68,221220,"1",870,1,NA
"210","2",42,"test","BROWN","stim1: blue",2,"critical","incongruent",NA,"Press 1 for BLACK, <br>2 for <span style=""color:blue;"">BLUE</span>, <br>3 for <span style=""color:green;"">GREEN</span>, and <br>4 for <span style=""color:brown;"">BROWN</span>","word",400,NA,"1 2 3 4",8,NA,NA,NA,NA,"175%","brown","common","color",5.01,5,"common_color","incongruent",1,400,24,16.68,222529,"1",913,0,NA
"211","2",102,"test","SLOW","stim1: brown",4,"filler","control",NA,"Press 1 for BLACK, <br>2 for <span style=""color:blue;"">BLUE</span>, <br>3 for <span style=""color:green;"">GREEN</span>, and <br>4 for <span style=""color:brown;"">BROWN</span>","word",400,NA,"1 2 3 4",8,NA,NA,NA,NA,"175%","slow","common","noncolor",4.81,4,"common_noncolor","control",NA,400,24,16.67,224322,"4",1405,1,NA
"212","2",28,"test","BLACK","stim1: brown",4,"critical","incongruent",NA,"Press 1 for BLACK, <br>2 for <span style=""color:blue;"">BLUE</span>, <br>3 for <span style=""color:green;"">GREEN</span>, and <br>4 for <span style=""color:brown;"">BROWN</span>","word",400,NA,"1 2 3 4",8,NA,NA,NA,NA,"175%","black","common","color",5.26,5,"common_color","incongruent",1,400,24,16.67,225806,"4",1090,1,NA
"213","2",17,"test","AQUA","stim1: black",1,"filler","control",NA,"Press 1 for BLACK, <br>2 for <span style=""color:blue;"">BLUE</span>, <br>3 for <span style=""color:green;"">GREEN</span>, and <br>4 for <span style=""color:brown;"">BROWN</span>","word",400,NA,"1 2 3 4",8,NA,NA,NA,NA,"175%","aqua","rare","color",2.98,4,"rare_color","control",2,400,24,16.65,227014,"1",814,1,NA
"214","2",59,"test","MAUVE","stim1: blue",2,"filler","control",NA,"Press 1 for BLACK, <br>2 for <span style=""color:blue;"">BLUE</span>, <br>3 for <span style=""color:green;"">GREEN</span>, and <br>4 for <span style=""color:brown;"">BROWN</span>","word",400,NA,"1 2 3 4",8,NA,NA,NA,NA,"175%","mauve","rare","color",2.71,5,"rare_color","control",2,400,24,16.67,228304,"2",904,1,NA
"215","3",3,"form",NA,NA,0,NA,NA,NA,NA,NA,0,"NEXT",NA,2,1,"What is your English language READING ability?","radio","Native Speaker;High Proficiency (CEFR C1-C2);Intermediate Proficiency (CEFR B1-B2);Low Proficiency (CEFR A1-A2);No proficiency:exclusive","175%",NA,NA,NA,NA,NA,NA,NA,NA,NA,NA,NA,37678,"Native Speaker",29050,0,1
"216","3",4,"form",NA,NA,0,NA,NA,NA,NA,NA,0,NA,NA,3,1,"What is your Standard Mandarin (普通话) language READING ability?","radio","Native Speaker;High Proficiency (CEFR C1-C2);Intermediate Proficiency (CEFR B1-B2);Low Proficiency (CEFR A1-A2);No proficiency:exclusive","175%",NA,NA,NA,NA,NA,NA,NA,NA,NA,NA,NA,37678,"No proficiency",29050,0,5
"217","3",5,"form",NA,NA,0,NA,NA,NA,NA,NA,0,NA,NA,4,NA,"Are you proficient in or learning any other foreign languages? (Please include the name of the language and your proficiency self-assessment.)","box",NA,"175%",NA,NA,NA,NA,NA,NA,NA,NA,NA,NA,NA,37678,"French - 8 Italian - 5 Spanish - 1",29050,0,NA
"218","3",11,"test","TUSK","stim1: blue",2,"practice",NA,"correct: Correct! You responded in %RT% ms ; incorrect: Incorrect! The font color was  BLUE. You responded in %RT% ms","Press 1 for BLACK, <br>2 for <span style=""color:blue;"">BLUE</span>, <br>3 for <span style=""color:green;"">GREEN</span>, and <br>4 for <span style=""color:brown;"">BROWN</span>","word",400,NA,"1 2 3 4",6,NA,NA,NA,NA,"175%",NA,NA,NA,NA,NA,NA,NA,NA,400,24,16.67,63237,"2",2001,1,NA
"219","3",10,"test","BROWN","stim1: green",3,"practice",NA,"correct: Correct! You responded in %RT% ms ; incorrect: Incorrect! The font color was  GREEN. You responded in %RT% ms","Press 1 for BLACK, <br>2 for <span style=""color:blue;"">BLUE</span>, <br>3 for <span style=""color:green;"">GREEN</span>, and <br>4 for <span style=""color:brown;"">BROWN</span>","word",400,NA,"1 2 3 4",6,NA,NA,NA,NA,"175%",NA,NA,NA,NA,NA,NA,NA,NA,400,24,16.67,68213,"3",2885,1,NA
"220","3",9,"test","BLUE","stim1: blue",2,"practice",NA,"correct: Correct! You responded in %RT% ms ; incorrect: Incorrect! The font color was  BLUE. You responded in %RT% ms","Press 1 for BLACK, <br>2 for <span style=""color:blue;"">BLUE</span>, <br>3 for <span style=""color:green;"">GREEN</span>, and <br>4 for <span style=""color:brown;"">BROWN</span>","word",400,NA,"1 2 3 4",6,NA,NA,NA,NA,"175%",NA,NA,NA,NA,NA,NA,NA,NA,400,24,16.66,72015,"2",1606,1,NA
"221","3",13,"test","IRK","stim1: brown",4,"practice",NA,"correct: Correct! You responded in %RT% ms ; incorrect: Incorrect! The font color was  BROWN. You responded in %RT% ms","Press 1 for BLACK, <br>2 for <span style=""color:blue;"">BLUE</span>, <br>3 for <span style=""color:green;"">GREEN</span>, and <br>4 for <span style=""color:brown;"">BROWN</span>","word",400,NA,"1 2 3 4",6,NA,NA,NA,NA,"175%",NA,NA,NA,NA,NA,NA,NA,NA,400,24,16.66,76466,"3",2508,0,NA
"222","3",12,"test","SEPIA","stim1: green",3,"practice",NA,"correct: Correct! You responded in %RT% ms ; incorrect: Incorrect! The font color was  GREEN. You responded in %RT% ms","Press 1 for BLACK, <br>2 for <span style=""color:blue;"">BLUE</span>, <br>3 for <span style=""color:green;"">GREEN</span>, and <br>4 for <span style=""color:brown;"">BROWN</span>","word",400,NA,"1 2 3 4",6,NA,NA,NA,NA,"175%",NA,NA,NA,NA,NA,NA,NA,NA,400,24,16.66,80977,"3",2687,1,NA
"223","3",7,"test","BLACK","stim1: black",1,"practice",NA,"correct: Correct! You responded in %RT% ms ; incorrect: Incorrect! The font color was  BLACK. You responded in %RT% ms","Press 1 for BLACK, <br>2 for <span style=""color:blue;"">BLUE</span>, <br>3 for <span style=""color:green;"">GREEN</span>, and <br>4 for <span style=""color:brown;"">BROWN</span>","word",400,NA,"1 2 3 4",6,NA,NA,NA,NA,"175%",NA,NA,NA,NA,NA,NA,NA,NA,400,24,16.66,84041,"1",1284,1,NA
"224","3",14,"test","NYMPH","stim1: brown",4,"practice",NA,"correct: Correct! You responded in %RT% ms ; incorrect: Incorrect! The font color was  BROWN. You responded in %RT% ms","Press 1 for BLACK, <br>2 for <span style=""color:blue;"">BLUE</span>, <br>3 for <span style=""color:green;"">GREEN</span>, and <br>4 for <span style=""color:brown;"">BROWN</span>","word",400,NA,"1 2 3 4",6,NA,NA,NA,NA,"175%",NA,NA,NA,NA,NA,NA,NA,NA,400,24,16.66,88123,"4",2351,1,NA
"225","3",8,"test","GREEN","stim1: black",1,"practice",NA,"correct: Correct! You responded in %RT% ms ; incorrect: Incorrect! The font color was  BLACK. You responded in %RT% ms","Press 1 for BLACK, <br>2 for <span style=""color:blue;"">BLUE</span>, <br>3 for <span style=""color:green;"">GREEN</span>, and <br>4 for <span style=""color:brown;"">BROWN</span>","word",400,NA,"1 2 3 4",6,NA,NA,NA,NA,"175%",NA,NA,NA,NA,NA,NA,NA,NA,400,24,16.66,92001,"1",2047,1,NA
"226","3",44,"test","BROWN","stim1: brown",4,"critical","congruent",NA,"Press 1 for BLACK, <br>2 for <span style=""color:blue;"">BLUE</span>, <br>3 for <span style=""color:green;"">GREEN</span>, and <br>4 for <span style=""color:brown;"">BROWN</span>","word",400,NA,"1 2 3 4",8,NA,NA,NA,NA,"175%","brown","common","color",5.01,5,"common_color","congruent",1,400,24,16.65,102949,"4",2783,1,NA
"227","3",73,"test","SEPIA","stim1: black",1,"filler","control",NA,"Press 1 for BLACK, <br>2 for <span style=""color:blue;"">BLUE</span>, <br>3 for <span style=""color:green;"">GREEN</span>, and <br>4 for <span style=""color:brown;"">BROWN</span>","word",400,NA,"1 2 3 4",8,NA,NA,NA,NA,"175%","sepia","rare","color",2.38,5,"rare_color","control",2,400,24,16.66,104962,"1",1614,1,NA
"228","3",80,"test","APEX","stim1: black",1,"filler","control",NA,"Press 1 for BLACK, <br>2 for <span style=""color:blue;"">BLUE</span>, <br>3 for <span style=""color:green;"">GREEN</span>, and <br>4 for <span style=""color:brown;"">BROWN</span>","word",400,NA,"1 2 3 4",8,NA,NA,NA,NA,"175%","apex","rare","noncolor",2.96,4,"rare_noncolor","control",NA,400,24,16.67,106765,"1",1399,1,NA
"229","3",93,"test","IRK","stim1: blue",2,"filler","control",NA,"Press 1 for BLACK, <br>2 for <span style=""color:blue;"">BLUE</span>, <br>3 for <span style=""color:green;"">GREEN</span>, and <br>4 for <span style=""color:brown;"">BROWN</span>","word",400,NA,"1 2 3 4",8,NA,NA,NA,NA,"175%","irk","rare","noncolor",1.95,3,"rare_noncolor","control",NA,400,24,16.66,108382,"2",1221,1,NA
"230","3",56,"test","MAUVE","stim1: black",1,"filler","control",NA,"Press 1 for BLACK, <br>2 for <span style=""color:blue;"">BLUE</span>, <br>3 for <span style=""color:green;"">GREEN</span>, and <br>4 for <span style=""color:brown;"">BROWN</span>","word",400,NA,"1 2 3 4",8,NA,NA,NA,NA,"175%","mauve","rare","color",2.71,5,"rare_color","control",1,400,24,16.66,110229,"1",1450,1,NA
"231","3",45,"test","BROWN","stim1: brown",4,"critical","congruent",NA,"Press 1 for BLACK, <br>2 for <span style=""color:blue;"">BLUE</span>, <br>3 for <span style=""color:green;"">GREEN</span>, and <br>4 for <span style=""color:brown;"">BROWN</span>","word",400,NA,"1 2 3 4",8,NA,NA,NA,NA,"175%","brown","common","color",5.01,5,"common_color","congruent",2,400,24,16.67,112110,"4",1482,1,NA
"232","3",41,"test","BROWN","stim1: black",1,"critical","incongruent",NA,"Press 1 for BLACK, <br>2 for <span style=""color:blue;"">BLUE</span>, <br>3 for <span style=""color:green;"">GREEN</span>, and <br>4 for <span style=""color:brown;"">BROWN</span>","word",400,NA,"1 2 3 4",8,NA,NA,NA,NA,"175%","brown","common","color",5.01,5,"common_color","incongruent",2,400,24,16.67,114111,"1",1599,1,NA
"233","3",98,"test","NYMPH","stim1: brown",4,"filler","control",NA,"Press 1 for BLACK, <br>2 for <span style=""color:blue;"">BLUE</span>, <br>3 for <span style=""color:green;"">GREEN</span>, and <br>4 for <span style=""color:brown;"">BROWN</span>","word",400,NA,"1 2 3 4",8,NA,NA,NA,NA,"175%","nymph","rare","noncolor",2.72,5,"rare_noncolor","control",NA,400,24,16.67,116132,"4",1621,1,NA
"234","3",78,"test","SEPIA","stim1: green",3,"filler","control",NA,"Press 1 for BLACK, <br>2 for <span style=""color:blue;"">BLUE</span>, <br>3 for <span style=""color:green;"">GREEN</span>, and <br>4 for <span style=""color:brown;"">BROWN</span>","word",400,NA,"1 2 3 4",8,NA,NA,NA,NA,"175%","sepia","rare","color",2.38,5,"rare_color","control",1,400,24,16.65,118802,"3",2275,1,NA
"235","3",103,"test","SLOW","stim1: green",3,"filler","control",NA,"Press 1 for BLACK, <br>2 for <span style=""color:blue;"">BLUE</span>, <br>3 for <span style=""color:green;"">GREEN</span>, and <br>4 for <span style=""color:brown;"">BROWN</span>","word",400,NA,"1 2 3 4",8,NA,NA,NA,NA,"175%","slow","common","noncolor",4.81,4,"common_noncolor","control",NA,400,24,16.65,120394,"3",1202,1,NA
"236","3",40,"test","BROWN","stim1: black",1,"critical","incongruent",NA,"Press 1 for BLACK, <br>2 for <span style=""color:blue;"">BLUE</span>, <br>3 for <span style=""color:green;"">GREEN</span>, and <br>4 for <span style=""color:brown;"">BROWN</span>","word",400,NA,"1 2 3 4",8,NA,NA,NA,NA,"175%","brown","common","color",5.01,5,"common_color","incongruent",1,400,24,16.67,122020,"1",1228,1,NA
"237","3",110,"test","TUSK","stim1: brown",4,"filler","control",NA,"Press 1 for BLACK, <br>2 for <span style=""color:blue;"">BLUE</span>, <br>3 for <span style=""color:green;"">GREEN</span>, and <br>4 for <span style=""color:brown;"">BROWN</span>","word",400,NA,"1 2 3 4",8,NA,NA,NA,NA,"175%","tusk","rare","noncolor",3,4,"rare_noncolor","control",NA,400,24,16.67,124646,"4",2239,1,NA
"238","3",60,"test","MAUVE","stim1: brown",4,"filler","control",NA,"Press 1 for BLACK, <br>2 for <span style=""color:blue;"">BLUE</span>, <br>3 for <span style=""color:green;"">GREEN</span>, and <br>4 for <span style=""color:brown;"">BROWN</span>","word",400,NA,"1 2 3 4",8,NA,NA,NA,NA,"175%","mauve","rare","color",2.71,5,"rare_color","control",1,483,20,24.15,126178,"4",1033,1,NA
"239","3",91,"test","FAST","stim1: green",3,"filler","control",NA,"Press 1 for BLACK, <br>2 for <span style=""color:blue;"">BLUE</span>, <br>3 for <span style=""color:green;"">GREEN</span>, and <br>4 for <span style=""color:brown;"">BROWN</span>","word",400,NA,"1 2 3 4",8,NA,NA,NA,NA,"175%","fast","common","noncolor",5.09,4,"common_noncolor","control",NA,400,24,16.67,128591,"3",2017,1,NA
"240","3",86,"test","BIG","stim1: brown",4,"filler","control",NA,"Press 1 for BLACK, <br>2 for <span style=""color:blue;"">BLUE</span>, <br>3 for <span style=""color:green;"">GREEN</span>, and <br>4 for <span style=""color:brown;"">BROWN</span>","word",400,NA,"1 2 3 4",8,NA,NA,NA,NA,"175%","big","common","noncolor",5.94,3,"common_noncolor","control",NA,400,24,16.65,131605,"4",2616,1,NA
"241","3",21,"test","AQUA","stim1: brown",4,"filler","control",NA,"Press 1 for BLACK, <br>2 for <span style=""color:blue;"">BLUE</span>, <br>3 for <span style=""color:green;"">GREEN</span>, and <br>4 for <span style=""color:brown;"">BROWN</span>","word",400,NA,"1 2 3 4",8,NA,NA,NA,NA,"175%","aqua","rare","color",2.98,4,"rare_color","control",2,400,24,16.67,132938,"4",932,1,NA
"242","3",59,"test","MAUVE","stim1: blue",2,"filler","control",NA,"Press 1 for BLACK, <br>2 for <span style=""color:blue;"">BLUE</span>, <br>3 for <span style=""color:green;"">GREEN</span>, and <br>4 for <span style=""color:brown;"">BROWN</span>","word",400,NA,"1 2 3 4",8,NA,NA,NA,NA,"175%","mauve","rare","color",2.71,5,"rare_color","control",2,400,24,16.66,134860,"2",1522,1,NA
"243","3",72,"test","SEPIA","stim1: black",1,"filler","control",NA,"Press 1 for BLACK, <br>2 for <span style=""color:blue;"">BLUE</span>, <br>3 for <span style=""color:green;"">GREEN</span>, and <br>4 for <span style=""color:brown;"">BROWN</span>","word",400,NA,"1 2 3 4",8,NA,NA,NA,NA,"175%","sepia","rare","color",2.38,5,"rare_color","control",1,400,24,16.66,136177,"1",926,1,NA
"244","3",46,"test","BROWN","stim1: green",3,"critical","incongruent",NA,"Press 1 for BLACK, <br>2 for <span style=""color:blue;"">BLUE</span>, <br>3 for <span style=""color:green;"">GREEN</span>, and <br>4 for <span style=""color:brown;"">BROWN</span>","word",400,NA,"1 2 3 4",8,NA,NA,NA,NA,"175%","brown","common","color",5.01,5,"common_color","incongruent",1,400,24,16.66,138064,"3",1495,1,NA
"245","3",99,"test","NYMPH","stim1: green",3,"filler","control",NA,"Press 1 for BLACK, <br>2 for <span style=""color:blue;"">BLUE</span>, <br>3 for <span style=""color:green;"">GREEN</span>, and <br>4 for <span style=""color:brown;"">BROWN</span>","word",400,NA,"1 2 3 4",8,NA,NA,NA,NA,"175%","nymph","rare","noncolor",2.72,5,"rare_noncolor","control",NA,400,24,16.66,139189,"3",737,1,NA
"246","3",37,"test","BLUE","stim1: brown",4,"critical","incongruent",NA,"Press 1 for BLACK, <br>2 for <span style=""color:blue;"">BLUE</span>, <br>3 for <span style=""color:green;"">GREEN</span>, and <br>4 for <span style=""color:brown;"">BROWN</span>","word",400,NA,"1 2 3 4",8,NA,NA,NA,NA,"175%","blue","common","color",5.16,4,"common_color","incongruent",2,400,24,16.67,141479,"4",1894,1,NA
"247","3",107,"test","SMALL","stim1: green",3,"filler","control",NA,"Press 1 for BLACK, <br>2 for <span style=""color:blue;"">BLUE</span>, <br>3 for <span style=""color:green;"">GREEN</span>, and <br>4 for <span style=""color:brown;"">BROWN</span>","word",400,NA,"1 2 3 4",8,NA,NA,NA,NA,"175%","small","common","noncolor",5.43,5,"common_noncolor","control",NA,398,24,16.6,144644,"3",2777,1,NA
"248","3",51,"test","GREEN","stim1: blue",2,"critical","incongruent",NA,"Press 1 for BLACK, <br>2 for <span style=""color:blue;"">BLUE</span>, <br>3 for <span style=""color:green;"">GREEN</span>, and <br>4 for <span style=""color:brown;"">BROWN</span>","word",400,NA,"1 2 3 4",8,NA,NA,NA,NA,"175%","green","common","color",5.22,5,"common_color","incongruent",2,400,24,16.67,146500,"2",1467,1,NA
"249","3",101,"test","SLOW","stim1: blue",2,"filler","control",NA,"Press 1 for BLACK, <br>2 for <span style=""color:blue;"">BLUE</span>, <br>3 for <span style=""color:green;"">GREEN</span>, and <br>4 for <span style=""color:brown;"">BROWN</span>","word",400,NA,"1 2 3 4",8,NA,NA,NA,NA,"175%","slow","common","noncolor",4.81,4,"common_noncolor","control",NA,400,24,16.67,147519,"2",619,1,NA
"250","3",85,"test","BIG","stim1: blue",2,"filler","control",NA,"Press 1 for BLACK, <br>2 for <span style=""color:blue;"">BLUE</span>, <br>3 for <span style=""color:green;"">GREEN</span>, and <br>4 for <span style=""color:brown;"">BROWN</span>","word",400,NA,"1 2 3 4",8,NA,NA,NA,NA,"175%","big","common","noncolor",5.94,3,"common_noncolor","control",NA,400,24,16.66,148528,"2",612,1,NA
"251","3",97,"test","NYMPH","stim1: blue",2,"filler","control",NA,"Press 1 for BLACK, <br>2 for <span style=""color:blue;"">BLUE</span>, <br>3 for <span style=""color:green;"">GREEN</span>, and <br>4 for <span style=""color:brown;"">BROWN</span>","word",400,NA,"1 2 3 4",8,NA,NA,NA,NA,"175%","nymph","rare","noncolor",2.72,5,"rare_noncolor","control",NA,400,24,16.67,149609,"2",694,1,NA
"252","3",81,"test","APEX","stim1: blue",2,"filler","control",NA,"Press 1 for BLACK, <br>2 for <span style=""color:blue;"">BLUE</span>, <br>3 for <span style=""color:green;"">GREEN</span>, and <br>4 for <span style=""color:brown;"">BROWN</span>","word",400,NA,"1 2 3 4",8,NA,NA,NA,NA,"175%","apex","rare","noncolor",2.96,4,"rare_noncolor","control",NA,400,24,16.66,150537,"2",540,1,NA
"253","3",102,"test","SLOW","stim1: brown",4,"filler","control",NA,"Press 1 for BLACK, <br>2 for <span style=""color:blue;"">BLUE</span>, <br>3 for <span style=""color:green;"">GREEN</span>, and <br>4 for <span style=""color:brown;"">BROWN</span>","word",400,NA,"1 2 3 4",8,NA,NA,NA,NA,"175%","slow","common","noncolor",4.81,4,"common_noncolor","control",NA,400,24,16.65,153296,"4",2367,1,NA
"254","3",47,"test","BROWN","stim1: green",3,"critical","incongruent",NA,"Press 1 for BLACK, <br>2 for <span style=""color:blue;"">BLUE</span>, <br>3 for <span style=""color:green;"">GREEN</span>, and <br>4 for <span style=""color:brown;"">BROWN</span>","word",400,NA,"1 2 3 4",8,NA,NA,NA,NA,"175%","brown","common","color",5.01,5,"common_color","incongruent",2,400,24,16.67,155491,"3",1795,1,NA
"255","3",24,"test","BLACK","stim1: black",1,"critical","congruent",NA,"Press 1 for BLACK, <br>2 for <span style=""color:blue;"">BLUE</span>, <br>3 for <span style=""color:green;"">GREEN</span>, and <br>4 for <span style=""color:brown;"">BROWN</span>","word",400,NA,"1 2 3 4",8,NA,NA,NA,NA,"175%","black","common","color",5.26,5,"common_color","congruent",1,400,24,16.66,156709,"1",830,1,NA
"256","3",25,"test","BLACK","stim1: black",1,"critical","congruent",NA,"Press 1 for BLACK, <br>2 for <span style=""color:blue;"">BLUE</span>, <br>3 for <span style=""color:green;"">GREEN</span>, and <br>4 for <span style=""color:brown;"">BROWN</span>","word",400,NA,"1 2 3 4",8,NA,NA,NA,NA,"175%","black","common","color",5.26,5,"common_color","congruent",2,400,24,16.66,157759,"1",663,1,NA
"257","3",22,"test","AQUA","stim1: green",3,"filler","control",NA,"Press 1 for BLACK, <br>2 for <span style=""color:blue;"">BLUE</span>, <br>3 for <span style=""color:green;"">GREEN</span>, and <br>4 for <span style=""color:brown;"">BROWN</span>","word",400,NA,"1 2 3 4",8,NA,NA,NA,NA,"175%","aqua","rare","color",2.98,4,"rare_color","control",1,400,24,16.66,159838,"3",1693,1,NA
"258","3",28,"test","BLACK","stim1: brown",4,"critical","incongruent",NA,"Press 1 for BLACK, <br>2 for <span style=""color:blue;"">BLUE</span>, <br>3 for <span style=""color:green;"">GREEN</span>, and <br>4 for <span style=""color:brown;"">BROWN</span>","word",400,NA,"1 2 3 4",8,NA,NA,NA,NA,"175%","black","common","color",5.26,5,"common_color","incongruent",1,400,24,16.65,162021,"4",1792,1,NA
"259","3",84,"test","BIG","stim1: black",1,"filler","control",NA,"Press 1 for BLACK, <br>2 for <span style=""color:blue;"">BLUE</span>, <br>3 for <span style=""color:green;"">GREEN</span>, and <br>4 for <span style=""color:brown;"">BROWN</span>","word",400,NA,"1 2 3 4",8,NA,NA,NA,NA,"175%","big","common","noncolor",5.94,3,"common_noncolor","control",NA,400,24,16.66,163443,"1",1032,1,NA
"260","3",19,"test","AQUA","stim1: blue",2,"filler","control",NA,"Press 1 for BLACK, <br>2 for <span style=""color:blue;"">BLUE</span>, <br>3 for <span style=""color:green;"">GREEN</span>, and <br>4 for <span style=""color:brown;"">BROWN</span>","word",400,NA,"1 2 3 4",8,NA,NA,NA,NA,"175%","aqua","rare","color",2.98,4,"rare_color","control",2,400,24,16.67,164746,"2",901,1,NA
"261","3",111,"test","TUSK","stim1: green",3,"filler","control",NA,"Press 1 for BLACK, <br>2 for <span style=""color:blue;"">BLUE</span>, <br>3 for <span style=""color:green;"">GREEN</span>, and <br>4 for <span style=""color:brown;"">BROWN</span>","word",400,NA,"1 2 3 4",8,NA,NA,NA,NA,"175%","tusk","rare","noncolor",3,4,"rare_noncolor","control",NA,400,24,16.68,166307,"3",1164,1,NA
"262","3",66,"test","OCHRE","stim1: blue",2,"filler","control",NA,"Press 1 for BLACK, <br>2 for <span style=""color:blue;"">BLUE</span>, <br>3 for <span style=""color:green;"">GREEN</span>, and <br>4 for <span style=""color:brown;"">BROWN</span>","word",400,NA,"1 2 3 4",8,NA,NA,NA,NA,"175%","ochre","rare","color",2.77,5,"rare_color","control",1,400,24,16.65,169847,"2",3156,1,NA
"263","3",58,"test","MAUVE","stim1: blue",2,"filler","control",NA,"Press 1 for BLACK, <br>2 for <span style=""color:blue;"">BLUE</span>, <br>3 for <span style=""color:green;"">GREEN</span>, and <br>4 for <span style=""color:brown;"">BROWN</span>","word",400,NA,"1 2 3 4",8,NA,NA,NA,NA,"175%","mauve","rare","color",2.71,5,"rare_color","control",1,400,24,16.65,170950,"2",709,1,NA
"264","3",74,"test","SEPIA","stim1: blue",2,"filler","control",NA,"Press 1 for BLACK, <br>2 for <span style=""color:blue;"">BLUE</span>, <br>3 for <span style=""color:green;"">GREEN</span>, and <br>4 for <span style=""color:brown;"">BROWN</span>","word",400,NA,"1 2 3 4",8,NA,NA,NA,NA,"175%","sepia","rare","color",2.38,5,"rare_color","control",1,400,24,16.65,171969,"2",629,1,NA
"265","3",20,"test","AQUA","stim1: brown",4,"filler","control",NA,"Press 1 for BLACK, <br>2 for <span style=""color:blue;"">BLUE</span>, <br>3 for <span style=""color:green;"">GREEN</span>, and <br>4 for <span style=""color:brown;"">BROWN</span>","word",400,NA,"1 2 3 4",8,NA,NA,NA,NA,"175%","aqua","rare","color",2.98,4,"rare_color","control",1,400,24,16.66,173829,"4",1473,1,NA
"266","3",43,"test","BROWN","stim1: blue",2,"critical","incongruent",NA,"Press 1 for BLACK, <br>2 for <span style=""color:blue;"">BLUE</span>, <br>3 for <span style=""color:green;"">GREEN</span>, and <br>4 for <span style=""color:brown;"">BROWN</span>","word",400,NA,"1 2 3 4",8,NA,NA,NA,NA,"175%","brown","common","color",5.01,5,"common_color","incongruent",2,400,24,16.65,176299,"2",2077,1,NA
"267","3",35,"test","BLUE","stim1: blue",2,"critical","congruent",NA,"Press 1 for BLACK, <br>2 for <span style=""color:blue;"">BLUE</span>, <br>3 for <span style=""color:green;"">GREEN</span>, and <br>4 for <span style=""color:brown;"">BROWN</span>","word",400,NA,"1 2 3 4",8,NA,NA,NA,NA,"175%","blue","common","color",5.16,4,"common_color","congruent",2,400,24,16.66,177407,"2",716,1,NA
"268","3",23,"test","AQUA","stim1: green",3,"filler","control",NA,"Press 1 for BLACK, <br>2 for <span style=""color:blue;"">BLUE</span>, <br>3 for <span style=""color:green;"">GREEN</span>, and <br>4 for <span style=""color:brown;"">BROWN</span>","word",400,NA,"1 2 3 4",8,NA,NA,NA,NA,"175%","aqua","rare","color",2.98,4,"rare_color","control",2,400,24,16.65,178724,"3",920,1,NA
"269","3",17,"test","AQUA","stim1: black",1,"filler","control",NA,"Press 1 for BLACK, <br>2 for <span style=""color:blue;"">BLUE</span>, <br>3 for <span style=""color:green;"">GREEN</span>, and <br>4 for <span style=""color:brown;"">BROWN</span>","word",400,NA,"1 2 3 4",8,NA,NA,NA,NA,"175%","aqua","rare","color",2.98,4,"rare_color","control",2,400,24,16.65,179985,"1",864,1,NA
"270","3",30,"test","BLACK","stim1: green",3,"critical","incongruent",NA,"Press 1 for BLACK, <br>2 for <span style=""color:blue;"">BLUE</span>, <br>3 for <span style=""color:green;"">GREEN</span>, and <br>4 for <span style=""color:brown;"">BROWN</span>","word",400,NA,"1 2 3 4",8,NA,NA,NA,NA,"175%","black","common","color",5.26,5,"common_color","incongruent",1,400,24,16.65,181749,"3",1378,1,NA
"271","3",79,"test","SEPIA","stim1: green",3,"filler","control",NA,"Press 1 for BLACK, <br>2 for <span style=""color:blue;"">BLUE</span>, <br>3 for <span style=""color:green;"">GREEN</span>, and <br>4 for <span style=""color:brown;"">BROWN</span>","word",400,NA,"1 2 3 4",8,NA,NA,NA,NA,"175%","sepia","rare","color",2.38,5,"rare_color","control",2,400,24,16.66,182994,"3",859,1,NA
"272","3",52,"test","GREEN","stim1: brown",4,"critical","incongruent",NA,"Press 1 for BLACK, <br>2 for <span style=""color:blue;"">BLUE</span>, <br>3 for <span style=""color:green;"">GREEN</span>, and <br>4 for <span style=""color:brown;"">BROWN</span>","word",400,NA,"1 2 3 4",8,NA,NA,NA,NA,"175%","green","common","color",5.22,5,"common_color","incongruent",1,400,24,16.67,185115,"4",1728,1,NA
"273","3",106,"test","SMALL","stim1: brown",4,"filler","control",NA,"Press 1 for BLACK, <br>2 for <span style=""color:blue;"">BLUE</span>, <br>3 for <span style=""color:green;"">GREEN</span>, and <br>4 for <span style=""color:brown;"">BROWN</span>","word",400,NA,"1 2 3 4",8,NA,NA,NA,NA,"175%","small","common","noncolor",5.43,5,"common_noncolor","control",NA,400,24,16.66,186112,"4",608,1,NA
"274","3",57,"test","MAUVE","stim1: black",1,"filler","control",NA,"Press 1 for BLACK, <br>2 for <span style=""color:blue;"">BLUE</span>, <br>3 for <span style=""color:green;"">GREEN</span>, and <br>4 for <span style=""color:brown;"">BROWN</span>","word",400,NA,"1 2 3 4",8,NA,NA,NA,NA,"175%","mauve","rare","color",2.71,5,"rare_color","control",2,400,24,16.66,187746,"1",1244,1,NA
"275","3",88,"test","FAST","stim1: black",1,"filler","control",NA,"Press 1 for BLACK, <br>2 for <span style=""color:blue;"">BLUE</span>, <br>3 for <span style=""color:green;"">GREEN</span>, and <br>4 for <span style=""color:brown;"">BROWN</span>","word",400,NA,"1 2 3 4",8,NA,NA,NA,NA,"175%","fast","common","noncolor",5.09,4,"common_noncolor","control",NA,400,24,16.67,189062,"1",927,1,NA
"276","3",108,"test","TUSK","stim1: black",1,"filler","control",NA,"Press 1 for BLACK, <br>2 for <span style=""color:blue;"">BLUE</span>, <br>3 for <span style=""color:green;"">GREEN</span>, and <br>4 for <span style=""color:brown;"">BROWN</span>","word",400,NA,"1 2 3 4",8,NA,NA,NA,NA,"175%","tusk","rare","noncolor",3,4,"rare_noncolor","control",NA,400,24,16.66,190152,"1",700,1,NA
"277","3",70,"test","OCHRE","stim1: green",3,"filler","control",NA,"Press 1 for BLACK, <br>2 for <span style=""color:blue;"">BLUE</span>, <br>3 for <span style=""color:green;"">GREEN</span>, and <br>4 for <span style=""color:brown;"">BROWN</span>","word",400,NA,"1 2 3 4",8,NA,NA,NA,NA,"175%","ochre","rare","color",2.77,5,"rare_color","control",1,400,24,16.67,191809,"3",1257,1,NA
"278","3",82,"test","APEX","stim1: brown",4,"filler","control",NA,"Press 1 for BLACK, <br>2 for <span style=""color:blue;"">BLUE</span>, <br>3 for <span style=""color:green;"">GREEN</span>, and <br>4 for <span style=""color:brown;"">BROWN</span>","word",400,NA,"1 2 3 4",8,NA,NA,NA,NA,"175%","apex","rare","noncolor",2.96,4,"rare_noncolor","control",NA,400,24,16.65,193811,"4",1611,1,NA
"279","3",83,"test","APEX","stim1: green",3,"filler","control",NA,"Press 1 for BLACK, <br>2 for <span style=""color:blue;"">BLUE</span>, <br>3 for <span style=""color:green;"">GREEN</span>, and <br>4 for <span style=""color:brown;"">BROWN</span>","word",400,NA,"1 2 3 4",8,NA,NA,NA,NA,"175%","apex","rare","noncolor",2.96,4,"rare_noncolor","control",NA,400,24,16.65,196281,"3",2080,1,NA
"280","3",69,"test","OCHRE","stim1: brown",4,"filler","control",NA,"Press 1 for BLACK, <br>2 for <span style=""color:blue;"">BLUE</span>, <br>3 for <span style=""color:green;"">GREEN</span>, and <br>4 for <span style=""color:brown;"">BROWN</span>","word",400,NA,"1 2 3 4",8,NA,NA,NA,NA,"175%","ochre","rare","color",2.77,5,"rare_color","control",2,400,24,16.67,199119,"4",2437,1,NA
"281","3",33,"test","BLUE","stim1: black",1,"critical","incongruent",NA,"Press 1 for BLACK, <br>2 for <span style=""color:blue;"">BLUE</span>, <br>3 for <span style=""color:green;"">GREEN</span>, and <br>4 for <span style=""color:brown;"">BROWN</span>","word",400,NA,"1 2 3 4",8,NA,NA,NA,NA,"175%","blue","common","color",5.16,4,"common_color","incongruent",2,400,24,16.66,200710,"1",1195,1,NA
"282","3",29,"test","BLACK","stim1: brown",4,"critical","incongruent",NA,"Press 1 for BLACK, <br>2 for <span style=""color:blue;"">BLUE</span>, <br>3 for <span style=""color:green;"">GREEN</span>, and <br>4 for <span style=""color:brown;"">BROWN</span>","word",400,NA,"1 2 3 4",8,NA,NA,NA,NA,"175%","black","common","color",5.26,5,"common_color","incongruent",2,400,24,16.65,202334,"4",1236,1,NA
"283","3",62,"test","MAUVE","stim1: green",3,"filler","control",NA,"Press 1 for BLACK, <br>2 for <span style=""color:blue;"">BLUE</span>, <br>3 for <span style=""color:green;"">GREEN</span>, and <br>4 for <span style=""color:brown;"">BROWN</span>","word",400,NA,"1 2 3 4",8,NA,NA,NA,NA,"175%","mauve","rare","color",2.71,5,"rare_color","control",1,400,24,16.68,204253,"3",1523,1,NA
"284","3",109,"test","TUSK","stim1: blue",2,"filler","control",NA,"Press 1 for BLACK, <br>2 for <span style=""color:blue;"">BLUE</span>, <br>3 for <span style=""color:green;"">GREEN</span>, and <br>4 for <span style=""color:brown;"">BROWN</span>","word",400,NA,"1 2 3 4",8,NA,NA,NA,NA,"175%","tusk","rare","noncolor",3,4,"rare_noncolor","control",NA,400,23,17.39,205759,"2",1112,1,NA
"285","3",67,"test","OCHRE","stim1: blue",2,"filler","control",NA,"Press 1 for BLACK, <br>2 for <span style=""color:blue;"">BLUE</span>, <br>3 for <span style=""color:green;"">GREEN</span>, and <br>4 for <span style=""color:brown;"">BROWN</span>","word",400,NA,"1 2 3 4",8,NA,NA,NA,NA,"175%","ochre","rare","color",2.77,5,"rare_color","control",2,400,24,16.66,207097,"2",950,1,NA
"286","3",95,"test","IRK","stim1: green",3,"filler","control",NA,"Press 1 for BLACK, <br>2 for <span style=""color:blue;"">BLUE</span>, <br>3 for <span style=""color:green;"">GREEN</span>, and <br>4 for <span style=""color:brown;"">BROWN</span>","word",400,NA,"1 2 3 4",8,NA,NA,NA,NA,"175%","irk","rare","noncolor",1.95,3,"rare_noncolor","control",NA,400,24,16.65,209009,"3",1515,1,NA
"287","3",71,"test","OCHRE","stim1: green",3,"filler","control",NA,"Press 1 for BLACK, <br>2 for <span style=""color:blue;"">BLUE</span>, <br>3 for <span style=""color:green;"">GREEN</span>, and <br>4 for <span style=""color:brown;"">BROWN</span>","word",400,NA,"1 2 3 4",8,NA,NA,NA,NA,"175%","ochre","rare","color",2.77,5,"rare_color","control",2,400,24,16.66,210065,"3",655,1,NA
"288","3",87,"test","BIG","stim1: green",3,"filler","control",NA,"Press 1 for BLACK, <br>2 for <span style=""color:blue;"">BLUE</span>, <br>3 for <span style=""color:green;"">GREEN</span>, and <br>4 for <span style=""color:brown;"">BROWN</span>","word",400,NA,"1 2 3 4",8,NA,NA,NA,NA,"175%","big","common","noncolor",5.94,3,"common_noncolor","control",NA,400,24,16.66,210986,"3",525,1,NA
"289","3",105,"test","SMALL","stim1: blue",2,"filler","control",NA,"Press 1 for BLACK, <br>2 for <span style=""color:blue;"">BLUE</span>, <br>3 for <span style=""color:green;"">GREEN</span>, and <br>4 for <span style=""color:brown;"">BROWN</span>","word",400,NA,"1 2 3 4",8,NA,NA,NA,NA,"175%","small","common","noncolor",5.43,5,"common_noncolor","control",NA,400,24,16.65,212349,"2",971,1,NA
"290","3",61,"test","MAUVE","stim1: brown",4,"filler","control",NA,"Press 1 for BLACK, <br>2 for <span style=""color:blue;"">BLUE</span>, <br>3 for <span style=""color:green;"">GREEN</span>, and <br>4 for <span style=""color:brown;"">BROWN</span>","word",400,NA,"1 2 3 4",8,NA,NA,NA,NA,"175%","mauve","rare","color",2.71,5,"rare_color","control",2,400,24,16.65,214486,"4",1742,1,NA
"291","3",89,"test","FAST","stim1: blue",2,"filler","control",NA,"Press 1 for BLACK, <br>2 for <span style=""color:blue;"">BLUE</span>, <br>3 for <span style=""color:green;"">GREEN</span>, and <br>4 for <span style=""color:brown;"">BROWN</span>","word",400,NA,"1 2 3 4",8,NA,NA,NA,NA,"175%","fast","common","noncolor",5.09,4,"common_noncolor","control",NA,400,24,16.66,216113,"1",1236,0,NA
"292","3",55,"test","GREEN","stim1: green",3,"critical","congruent",NA,"Press 1 for BLACK, <br>2 for <span style=""color:blue;"">BLUE</span>, <br>3 for <span style=""color:green;"">GREEN</span>, and <br>4 for <span style=""color:brown;"">BROWN</span>","word",400,NA,"1 2 3 4",8,NA,NA,NA,NA,"175%","green","common","color",5.22,5,"common_color","congruent",2,400,24,16.65,217586,"3",1078,1,NA
"293","3",100,"test","SLOW","stim1: black",1,"filler","control",NA,"Press 1 for BLACK, <br>2 for <span style=""color:blue;"">BLUE</span>, <br>3 for <span style=""color:green;"">GREEN</span>, and <br>4 for <span style=""color:brown;"">BROWN</span>","word",400,NA,"1 2 3 4",8,NA,NA,NA,NA,"175%","slow","common","noncolor",4.81,4,"common_noncolor","control",NA,400,24,16.66,218901,"1",926,1,NA
"294","3",76,"test","SEPIA","stim1: brown",4,"filler","control",NA,"Press 1 for BLACK, <br>2 for <span style=""color:blue;"">BLUE</span>, <br>3 for <span style=""color:green;"">GREEN</span>, and <br>4 for <span style=""color:brown;"">BROWN</span>","word",400,NA,"1 2 3 4",8,NA,NA,NA,NA,"175%","sepia","rare","color",2.38,5,"rare_color","control",1,400,24,16.65,220869,"4",1578,1,NA
"295","3",63,"test","MAUVE","stim1: green",3,"filler","control",NA,"Press 1 for BLACK, <br>2 for <span style=""color:blue;"">BLUE</span>, <br>3 for <span style=""color:green;"">GREEN</span>, and <br>4 for <span style=""color:brown;"">BROWN</span>","word",400,NA,"1 2 3 4",8,NA,NA,NA,NA,"175%","mauve","rare","color",2.71,5,"rare_color","control",2,400,24,16.66,222834,"3",1578,1,NA
"296","3",64,"test","OCHRE","stim1: black",1,"filler","control",NA,"Press 1 for BLACK, <br>2 for <span style=""color:blue;"">BLUE</span>, <br>3 for <span style=""color:green;"">GREEN</span>, and <br>4 for <span style=""color:brown;"">BROWN</span>","word",400,NA,"1 2 3 4",8,NA,NA,NA,NA,"175%","ochre","rare","color",2.77,5,"rare_color","control",1,400,24,16.65,224309,"1",1085,1,NA
"297","3",77,"test","SEPIA","stim1: brown",4,"filler","control",NA,"Press 1 for BLACK, <br>2 for <span style=""color:blue;"">BLUE</span>, <br>3 for <span style=""color:green;"">GREEN</span>, and <br>4 for <span style=""color:brown;"">BROWN</span>","word",400,NA,"1 2 3 4",8,NA,NA,NA,NA,"175%","sepia","rare","color",2.38,5,"rare_color","control",2,400,24,16.67,225915,"4",1209,1,NA
"298","3",96,"test","NYMPH","stim1: black",1,"filler","control",NA,"Press 1 for BLACK, <br>2 for <span style=""color:blue;"">BLUE</span>, <br>3 for <span style=""color:green;"">GREEN</span>, and <br>4 for <span style=""color:brown;"">BROWN</span>","word",400,NA,"1 2 3 4",8,NA,NA,NA,NA,"175%","nymph","rare","noncolor",2.72,5,"rare_noncolor","control",NA,400,24,16.65,227563,"4",1259,0,NA
"299","3",38,"test","BLUE","stim1: green",3,"critical","incongruent",NA,"Press 1 for BLACK, <br>2 for <span style=""color:blue;"">BLUE</span>, <br>3 for <span style=""color:green;"">GREEN</span>, and <br>4 for <span style=""color:brown;"">BROWN</span>","word",400,NA,"1 2 3 4",8,NA,NA,NA,NA,"175%","blue","common","color",5.16,4,"common_color","incongruent",1,400,24,16.67,229339,"3",1384,1,NA
"300","3",92,"test","IRK","stim1: black",1,"filler","control",NA,"Press 1 for BLACK, <br>2 for <span style=""color:blue;"">BLUE</span>, <br>3 for <span style=""color:green;"">GREEN</span>, and <br>4 for <span style=""color:brown;"">BROWN</span>","word",400,NA,"1 2 3 4",8,NA,NA,NA,NA,"175%","irk","rare","noncolor",1.95,3,"rare_noncolor","control",NA,399,24,16.64,230869,"1",1133,1,NA
"301","3",50,"test","GREEN","stim1: blue",2,"critical","incongruent",NA,"Press 1 for BLACK, <br>2 for <span style=""color:blue;"">BLUE</span>, <br>3 for <span style=""color:green;"">GREEN</span>, and <br>4 for <span style=""color:brown;"">BROWN</span>","word",400,NA,"1 2 3 4",8,NA,NA,NA,NA,"175%","green","common","color",5.22,5,"common_color","incongruent",1,400,24,16.67,232822,"2",1567,1,NA
"302","3",49,"test","GREEN","stim1: black",1,"critical","incongruent",NA,"Press 1 for BLACK, <br>2 for <span style=""color:blue;"">BLUE</span>, <br>3 for <span style=""color:green;"">GREEN</span>, and <br>4 for <span style=""color:brown;"">BROWN</span>","word",400,NA,"1 2 3 4",8,NA,NA,NA,NA,"175%","green","common","color",5.22,5,"common_color","incongruent",2,400,24,16.66,234185,"1",965,1,NA
"303","3",18,"test","AQUA","stim1: blue",2,"filler","control",NA,"Press 1 for BLACK, <br>2 for <span style=""color:blue;"">BLUE</span>, <br>3 for <span style=""color:green;"">GREEN</span>, and <br>4 for <span style=""color:brown;"">BROWN</span>","word",400,NA,"1 2 3 4",8,NA,NA,NA,NA,"175%","aqua","rare","color",2.98,4,"rare_color","control",1,400,24,16.67,237007,"2",2423,1,NA
"304","3",31,"test","BLACK","stim1: green",3,"critical","incongruent",NA,"Press 1 for BLACK, <br>2 for <span style=""color:blue;"">BLUE</span>, <br>3 for <span style=""color:green;"">GREEN</span>, and <br>4 for <span style=""color:brown;"">BROWN</span>","word",400,NA,"1 2 3 4",8,NA,NA,NA,NA,"175%","black","common","color",5.26,5,"common_color","incongruent",2,400,24,16.66,238329,"3",927,1,NA
"305","3",27,"test","BLACK","stim1: blue",2,"critical","incongruent",NA,"Press 1 for BLACK, <br>2 for <span style=""color:blue;"">BLUE</span>, <br>3 for <span style=""color:green;"">GREEN</span>, and <br>4 for <span style=""color:brown;"">BROWN</span>","word",400,NA,"1 2 3 4",8,NA,NA,NA,NA,"175%","black","common","color",5.26,5,"common_color","incongruent",2,400,24,16.66,239911,"2",1193,1,NA
"306","3",54,"test","GREEN","stim1: green",3,"critical","congruent",NA,"Press 1 for BLACK, <br>2 for <span style=""color:blue;"">BLUE</span>, <br>3 for <span style=""color:green;"">GREEN</span>, and <br>4 for <span style=""color:brown;"">BROWN</span>","word",400,NA,"1 2 3 4",8,NA,NA,NA,NA,"175%","green","common","color",5.22,5,"common_color","congruent",1,400,24,16.65,241242,"3",942,1,NA
"307","3",16,"test","AQUA","stim1: black",1,"filler","control",NA,"Press 1 for BLACK, <br>2 for <span style=""color:blue;"">BLUE</span>, <br>3 for <span style=""color:green;"">GREEN</span>, and <br>4 for <span style=""color:brown;"">BROWN</span>","word",400,NA,"1 2 3 4",8,NA,NA,NA,NA,"175%","aqua","rare","color",2.98,4,"rare_color","control",1,400,24,16.66,242693,"1",1059,1,NA
"308","3",104,"test","SMALL","stim1: black",1,"filler","control",NA,"Press 1 for BLACK, <br>2 for <span style=""color:blue;"">BLUE</span>, <br>3 for <span style=""color:green;"">GREEN</span>, and <br>4 for <span style=""color:brown;"">BROWN</span>","word",400,NA,"1 2 3 4",8,NA,NA,NA,NA,"175%","small","common","noncolor",5.43,5,"common_noncolor","control",NA,400,24,16.66,243867,"1",783,1,NA
"309","3",26,"test","BLACK","stim1: blue",2,"critical","incongruent",NA,"Press 1 for BLACK, <br>2 for <span style=""color:blue;"">BLUE</span>, <br>3 for <span style=""color:green;"">GREEN</span>, and <br>4 for <span style=""color:brown;"">BROWN</span>","word",400,NA,"1 2 3 4",8,NA,NA,NA,NA,"175%","black","common","color",5.26,5,"common_color","incongruent",1,400,24,16.66,245265,"2",998,1,NA
"310","3",75,"test","SEPIA","stim1: blue",2,"filler","control",NA,"Press 1 for BLACK, <br>2 for <span style=""color:blue;"">BLUE</span>, <br>3 for <span style=""color:green;"">GREEN</span>, and <br>4 for <span style=""color:brown;"">BROWN</span>","word",400,NA,"1 2 3 4",8,NA,NA,NA,NA,"175%","sepia","rare","color",2.38,5,"rare_color","control",2,400,24,16.66,246260,"2",611,1,NA
"311","3",68,"test","OCHRE","stim1: brown",4,"filler","control",NA,"Press 1 for BLACK, <br>2 for <span style=""color:blue;"">BLUE</span>, <br>3 for <span style=""color:green;"">GREEN</span>, and <br>4 for <span style=""color:brown;"">BROWN</span>","word",400,NA,"1 2 3 4",8,NA,NA,NA,NA,"175%","ochre","rare","color",2.77,5,"rare_color","control",1,400,24,16.66,248103,"4",1453,1,NA
"312","3",32,"test","BLUE","stim1: black",1,"critical","incongruent",NA,"Press 1 for BLACK, <br>2 for <span style=""color:blue;"">BLUE</span>, <br>3 for <span style=""color:green;"">GREEN</span>, and <br>4 for <span style=""color:brown;"">BROWN</span>","word",400,NA,"1 2 3 4",8,NA,NA,NA,NA,"175%","blue","common","color",5.16,4,"common_color","incongruent",1,400,24,16.66,249472,"1",972,1,NA
"313","3",94,"test","IRK","stim1: brown",4,"filler","control",NA,"Press 1 for BLACK, <br>2 for <span style=""color:blue;"">BLUE</span>, <br>3 for <span style=""color:green;"">GREEN</span>, and <br>4 for <span style=""color:brown;"">BROWN</span>","word",400,NA,"1 2 3 4",8,NA,NA,NA,NA,"175%","irk","rare","noncolor",1.95,3,"rare_noncolor","control",NA,400,24,16.66,251039,"4",1176,1,NA
"314","3",34,"test","BLUE","stim1: blue",2,"critical","congruent",NA,"Press 1 for BLACK, <br>2 for <span style=""color:blue;"">BLUE</span>, <br>3 for <span style=""color:green;"">GREEN</span>, and <br>4 for <span style=""color:brown;"">BROWN</span>","word",400,NA,"1 2 3 4",8,NA,NA,NA,NA,"175%","blue","common","color",5.16,4,"common_color","congruent",1,400,24,16.67,252459,"2",1028,1,NA
"315","3",90,"test","FAST","stim1: brown",4,"filler","control",NA,"Press 1 for BLACK, <br>2 for <span style=""color:blue;"">BLUE</span>, <br>3 for <span style=""color:green;"">GREEN</span>, and <br>4 for <span style=""color:brown;"">BROWN</span>","word",400,NA,"1 2 3 4",8,NA,NA,NA,NA,"175%","fast","common","noncolor",5.09,4,"common_noncolor","control",NA,400,24,16.66,254209,"4",1362,1,NA
"316","3",36,"test","BLUE","stim1: brown",4,"critical","incongruent",NA,"Press 1 for BLACK, <br>2 for <span style=""color:blue;"">BLUE</span>, <br>3 for <span style=""color:green;"">GREEN</span>, and <br>4 for <span style=""color:brown;"">BROWN</span>","word",400,NA,"1 2 3 4",8,NA,NA,NA,NA,"175%","blue","common","color",5.16,4,"common_color","incongruent",1,400,24,16.66,255736,"4",1140,1,NA
"317","3",53,"test","GREEN","stim1: brown",4,"critical","incongruent",NA,"Press 1 for BLACK, <br>2 for <span style=""color:blue;"">BLUE</span>, <br>3 for <span style=""color:green;"">GREEN</span>, and <br>4 for <span style=""color:brown;"">BROWN</span>","word",400,NA,"1 2 3 4",8,NA,NA,NA,NA,"175%","green","common","color",5.22,5,"common_color","incongruent",2,400,24,16.67,257121,"4",991,1,NA
"318","3",39,"test","BLUE","stim1: green",3,"critical","incongruent",NA,"Press 1 for BLACK, <br>2 for <span style=""color:blue;"">BLUE</span>, <br>3 for <span style=""color:green;"">GREEN</span>, and <br>4 for <span style=""color:brown;"">BROWN</span>","word",400,NA,"1 2 3 4",8,NA,NA,NA,NA,"175%","blue","common","color",5.16,4,"common_color","incongruent",2,400,24,16.66,259638,"3",2125,1,NA
"319","3",42,"test","BROWN","stim1: blue",2,"critical","incongruent",NA,"Press 1 for BLACK, <br>2 for <span style=""color:blue;"">BLUE</span>, <br>3 for <span style=""color:green;"">GREEN</span>, and <br>4 for <span style=""color:brown;"">BROWN</span>","word",400,NA,"1 2 3 4",8,NA,NA,NA,NA,"175%","brown","common","color",5.01,5,"common_color","incongruent",1,400,24,16.67,261018,"2",991,1,NA
"320","3",48,"test","GREEN","stim1: black",1,"critical","incongruent",NA,"Press 1 for BLACK, <br>2 for <span style=""color:blue;"">BLUE</span>, <br>3 for <span style=""color:green;"">GREEN</span>, and <br>4 for <span style=""color:brown;"">BROWN</span>","word",400,NA,"1 2 3 4",8,NA,NA,NA,NA,"175%","green","common","color",5.22,5,"common_color","incongruent",1,400,24,16.65,262249,"1",841,1,NA
"321","3",65,"test","OCHRE","stim1: black",1,"filler","control",NA,"Press 1 for BLACK, <br>2 for <span style=""color:blue;"">BLUE</span>, <br>3 for <span style=""color:green;"">GREEN</span>, and <br>4 for <span style=""color:brown;"">BROWN</span>","word",400,NA,"1 2 3 4",8,NA,NA,NA,NA,"175%","ochre","rare","color",2.77,5,"rare_color","control",2,400,24,16.66,263309,"1",665,1,NA
"322","4",3,"form",NA,NA,0,NA,NA,NA,NA,NA,0,"NEXT",NA,2,1,"What is your English language READING ability?","radio","Native Speaker;High Proficiency (CEFR C1-C2);Intermediate Proficiency (CEFR B1-B2);Low Proficiency (CEFR A1-A2);No proficiency:exclusive","175%",NA,NA,NA,NA,NA,NA,NA,NA,NA,NA,NA,178385,"High Proficiency (CEFR C1-C2)",112490,0,2
"323","4",4,"form",NA,NA,0,NA,NA,NA,NA,NA,0,NA,NA,3,1,"What is your Standard Mandarin (普通话) language READING ability?","radio","Native Speaker;High Proficiency (CEFR C1-C2);Intermediate Proficiency (CEFR B1-B2);Low Proficiency (CEFR A1-A2);No proficiency:exclusive","175%",NA,NA,NA,NA,NA,NA,NA,NA,NA,NA,NA,178385,"Native Speaker",112490,0,1
"324","4",5,"form",NA,NA,0,NA,NA,NA,NA,NA,0,NA,NA,4,NA,"Are you proficient in or learning any other foreign languages? (Please include the name of the language and your proficiency self-assessment.)","box",NA,"175%",NA,NA,NA,NA,NA,NA,NA,NA,NA,NA,NA,178385,"No",112490,0,NA
"325","4",13,"test","IRK","stim1: brown",4,"practice",NA,"correct: Correct! You responded in %RT% ms ; incorrect: Incorrect! The font color was  BROWN. You responded in %RT% ms","Press 1 for BLACK, <br>2 for <span style=""color:blue;"">BLUE</span>, <br>3 for <span style=""color:green;"">GREEN</span>, and <br>4 for <span style=""color:brown;"">BROWN</span>","word",400,NA,"1 2 3 4",6,NA,NA,NA,NA,"175%",NA,NA,NA,NA,NA,NA,NA,NA,400,24,16.67,212013,"4",2628,1,NA
"326","4",10,"test","BROWN","stim1: green",3,"practice",NA,"correct: Correct! You responded in %RT% ms ; incorrect: Incorrect! The font color was  GREEN. You responded in %RT% ms","Press 1 for BLACK, <br>2 for <span style=""color:blue;"">BLUE</span>, <br>3 for <span style=""color:green;"">GREEN</span>, and <br>4 for <span style=""color:brown;"">BROWN</span>","word",400,NA,"1 2 3 4",6,NA,NA,NA,NA,"175%",NA,NA,NA,NA,NA,NA,NA,NA,400,24,16.67,216341,"3",1274,1,NA
"327","4",8,"test","GREEN","stim1: black",1,"practice",NA,"correct: Correct! You responded in %RT% ms ; incorrect: Incorrect! The font color was  BLACK. You responded in %RT% ms","Press 1 for BLACK, <br>2 for <span style=""color:blue;"">BLUE</span>, <br>3 for <span style=""color:green;"">GREEN</span>, and <br>4 for <span style=""color:brown;"">BROWN</span>","word",400,NA,"1 2 3 4",6,NA,NA,NA,NA,"175%",NA,NA,NA,NA,NA,NA,NA,NA,401,24,16.71,219130,"1",1347,1,NA
"328","4",12,"test","SEPIA","stim1: green",3,"practice",NA,"correct: Correct! You responded in %RT% ms ; incorrect: Incorrect! The font color was  GREEN. You responded in %RT% ms","Press 1 for BLACK, <br>2 for <span style=""color:blue;"">BLUE</span>, <br>3 for <span style=""color:green;"">GREEN</span>, and <br>4 for <span style=""color:brown;"">BROWN</span>","word",400,NA,"1 2 3 4",6,NA,NA,NA,NA,"175%",NA,NA,NA,NA,NA,NA,NA,NA,400,24,16.67,221860,"3",1244,1,NA
"329","4",7,"test","BLACK","stim1: black",1,"practice",NA,"correct: Correct! You responded in %RT% ms ; incorrect: Incorrect! The font color was  BLACK. You responded in %RT% ms","Press 1 for BLACK, <br>2 for <span style=""color:blue;"">BLUE</span>, <br>3 for <span style=""color:green;"">GREEN</span>, and <br>4 for <span style=""color:brown;"">BROWN</span>","word",400,NA,"1 2 3 4",6,NA,NA,NA,NA,"175%",NA,NA,NA,NA,NA,NA,NA,NA,400,24,16.67,224973,"1",1424,1,NA
"330","4",14,"test","NYMPH","stim1: brown",4,"practice",NA,"correct: Correct! You responded in %RT% ms ; incorrect: Incorrect! The font color was  BROWN. You responded in %RT% ms","Press 1 for BLACK, <br>2 for <span style=""color:blue;"">BLUE</span>, <br>3 for <span style=""color:green;"">GREEN</span>, and <br>4 for <span style=""color:brown;"">BROWN</span>","word",400,NA,"1 2 3 4",6,NA,NA,NA,NA,"175%",NA,NA,NA,NA,NA,NA,NA,NA,400,24,16.67,227159,"4",827,1,NA
"331","4",11,"test","TUSK","stim1: blue",2,"practice",NA,"correct: Correct! You responded in %RT% ms ; incorrect: Incorrect! The font color was  BLUE. You responded in %RT% ms","Press 1 for BLACK, <br>2 for <span style=""color:blue;"">BLUE</span>, <br>3 for <span style=""color:green;"">GREEN</span>, and <br>4 for <span style=""color:brown;"">BROWN</span>","word",400,NA,"1 2 3 4",6,NA,NA,NA,NA,"175%",NA,NA,NA,NA,NA,NA,NA,NA,401,24,16.71,229496,"2",1096,1,NA
"332","4",9,"test","BLUE","stim1: blue",2,"practice",NA,"correct: Correct! You responded in %RT% ms ; incorrect: Incorrect! The font color was  BLUE. You responded in %RT% ms","Press 1 for BLACK, <br>2 for <span style=""color:blue;"">BLUE</span>, <br>3 for <span style=""color:green;"">GREEN</span>, and <br>4 for <span style=""color:brown;"">BROWN</span>","word",400,NA,"1 2 3 4",6,NA,NA,NA,NA,"175%",NA,NA,NA,NA,NA,NA,NA,NA,400,24,16.67,231404,"2",771,1,NA
"333","4",16,"test","AQUA","stim1: black",1,"filler","control",NA,"Press 1 for BLACK, <br>2 for <span style=""color:blue;"">BLUE</span>, <br>3 for <span style=""color:green;"">GREEN</span>, and <br>4 for <span style=""color:brown;"">BROWN</span>","word",400,NA,"1 2 3 4",8,NA,NA,NA,NA,"175%","aqua","rare","color",2.98,4,"rare_color","control",1,400,24,16.67,237690,"1",1024,1,NA
"334","4",57,"test","MAUVE","stim1: black",1,"filler","control",NA,"Press 1 for BLACK, <br>2 for <span style=""color:blue;"">BLUE</span>, <br>3 for <span style=""color:green;"">GREEN</span>, and <br>4 for <span style=""color:brown;"">BROWN</span>","word",400,NA,"1 2 3 4",8,NA,NA,NA,NA,"175%","mauve","rare","color",2.71,5,"rare_color","control",2,400,24,16.67,239146,"1",1064,1,NA
"335","4",49,"test","GREEN","stim1: black",1,"critical","incongruent",NA,"Press 1 for BLACK, <br>2 for <span style=""color:blue;"">BLUE</span>, <br>3 for <span style=""color:green;"">GREEN</span>, and <br>4 for <span style=""color:brown;"">BROWN</span>","word",400,NA,"1 2 3 4",8,NA,NA,NA,NA,"175%","green","common","color",5.22,5,"common_color","incongruent",2,400,24,16.67,240254,"1",721,1,NA
"336","4",70,"test","OCHRE","stim1: green",3,"filler","control",NA,"Press 1 for BLACK, <br>2 for <span style=""color:blue;"">BLUE</span>, <br>3 for <span style=""color:green;"">GREEN</span>, and <br>4 for <span style=""color:brown;"">BROWN</span>","word",400,NA,"1 2 3 4",8,NA,NA,NA,NA,"175%","ochre","rare","color",2.77,5,"rare_color","control",1,400,24,16.67,241659,"3",1009,1,NA
"337","4",111,"test","TUSK","stim1: green",3,"filler","control",NA,"Press 1 for BLACK, <br>2 for <span style=""color:blue;"">BLUE</span>, <br>3 for <span style=""color:green;"">GREEN</span>, and <br>4 for <span style=""color:brown;"">BROWN</span>","word",400,NA,"1 2 3 4",8,NA,NA,NA,NA,"175%","tusk","rare","noncolor",3,4,"rare_noncolor","control",NA,400,24,16.67,243396,"3",1346,1,NA
"338","4",48,"test","GREEN","stim1: black",1,"critical","incongruent",NA,"Press 1 for BLACK, <br>2 for <span style=""color:blue;"">BLUE</span>, <br>3 for <span style=""color:green;"">GREEN</span>, and <br>4 for <span style=""color:brown;"">BROWN</span>","word",400,NA,"1 2 3 4",8,NA,NA,NA,NA,"175%","green","common","color",5.22,5,"common_color","incongruent",1,400,24,16.67,244739,"1",956,1,NA
"339","4",93,"test","IRK","stim1: blue",2,"filler","control",NA,"Press 1 for BLACK, <br>2 for <span style=""color:blue;"">BLUE</span>, <br>3 for <span style=""color:green;"">GREEN</span>, and <br>4 for <span style=""color:brown;"">BROWN</span>","word",400,NA,"1 2 3 4",8,NA,NA,NA,NA,"175%","irk","rare","noncolor",1.95,3,"rare_noncolor","control",NA,400,24,16.67,246077,"2",944,1,NA
"340","4",76,"test","SEPIA","stim1: brown",4,"filler","control",NA,"Press 1 for BLACK, <br>2 for <span style=""color:blue;"">BLUE</span>, <br>3 for <span style=""color:green;"">GREEN</span>, and <br>4 for <span style=""color:brown;"">BROWN</span>","word",400,NA,"1 2 3 4",8,NA,NA,NA,NA,"175%","sepia","rare","color",2.38,5,"rare_color","control",1,400,24,16.67,247224,"4",758,1,NA
"341","4",90,"test","FAST","stim1: brown",4,"filler","control",NA,"Press 1 for BLACK, <br>2 for <span style=""color:blue;"">BLUE</span>, <br>3 for <span style=""color:green;"">GREEN</span>, and <br>4 for <span style=""color:brown;"">BROWN</span>","word",400,NA,"1 2 3 4",8,NA,NA,NA,NA,"175%","fast","common","noncolor",5.09,4,"common_noncolor","control",NA,400,24,16.67,248227,"4",610,1,NA
"342","4",75,"test","SEPIA","stim1: blue",2,"filler","control",NA,"Press 1 for BLACK, <br>2 for <span style=""color:blue;"">BLUE</span>, <br>3 for <span style=""color:green;"">GREEN</span>, and <br>4 for <span style=""color:brown;"">BROWN</span>","word",400,NA,"1 2 3 4",8,NA,NA,NA,NA,"175%","sepia","rare","color",2.38,5,"rare_color","control",2,400,24,16.67,249495,"2",879,1,NA
"343","4",103,"test","SLOW","stim1: green",3,"filler","control",NA,"Press 1 for BLACK, <br>2 for <span style=""color:blue;"">BLUE</span>, <br>3 for <span style=""color:green;"">GREEN</span>, and <br>4 for <span style=""color:brown;"">BROWN</span>","word",400,NA,"1 2 3 4",8,NA,NA,NA,NA,"175%","slow","common","noncolor",4.81,4,"common_noncolor","control",NA,400,24,16.67,251010,"3",1127,1,NA
"344","4",69,"test","OCHRE","stim1: brown",4,"filler","control",NA,"Press 1 for BLACK, <br>2 for <span style=""color:blue;"">BLUE</span>, <br>3 for <span style=""color:green;"">GREEN</span>, and <br>4 for <span style=""color:brown;"">BROWN</span>","word",400,NA,"1 2 3 4",8,NA,NA,NA,NA,"175%","ochre","rare","color",2.77,5,"rare_color","control",2,400,24,16.67,252239,"4",839,1,NA
"345","4",28,"test","BLACK","stim1: brown",4,"critical","incongruent",NA,"Press 1 for BLACK, <br>2 for <span style=""color:blue;"">BLUE</span>, <br>3 for <span style=""color:green;"">GREEN</span>, and <br>4 for <span style=""color:brown;"">BROWN</span>","word",400,NA,"1 2 3 4",8,NA,NA,NA,NA,"175%","black","common","color",5.26,5,"common_color","incongruent",1,400,24,16.67,253378,"4",745,1,NA
"346","4",66,"test","OCHRE","stim1: blue",2,"filler","control",NA,"Press 1 for BLACK, <br>2 for <span style=""color:blue;"">BLUE</span>, <br>3 for <span style=""color:green;"">GREEN</span>, and <br>4 for <span style=""color:brown;"">BROWN</span>","word",400,NA,"1 2 3 4",8,NA,NA,NA,NA,"175%","ochre","rare","color",2.77,5,"rare_color","control",1,400,24,16.67,254458,"2",692,1,NA
"347","4",85,"test","BIG","stim1: blue",2,"filler","control",NA,"Press 1 for BLACK, <br>2 for <span style=""color:blue;"">BLUE</span>, <br>3 for <span style=""color:green;"">GREEN</span>, and <br>4 for <span style=""color:brown;"">BROWN</span>","word",400,NA,"1 2 3 4",8,NA,NA,NA,NA,"175%","big","common","noncolor",5.94,3,"common_noncolor","control",NA,400,24,16.67,255444,"2",594,1,NA
"348","4",98,"test","NYMPH","stim1: brown",4,"filler","control",NA,"Press 1 for BLACK, <br>2 for <span style=""color:blue;"">BLUE</span>, <br>3 for <span style=""color:green;"">GREEN</span>, and <br>4 for <span style=""color:brown;"">BROWN</span>","word",400,NA,"1 2 3 4",8,NA,NA,NA,NA,"175%","nymph","rare","noncolor",2.72,5,"rare_noncolor","control",NA,400,24,16.67,256721,"4",888,1,NA
"349","4",55,"test","GREEN","stim1: green",3,"critical","congruent",NA,"Press 1 for BLACK, <br>2 for <span style=""color:blue;"">BLUE</span>, <br>3 for <span style=""color:green;"">GREEN</span>, and <br>4 for <span style=""color:brown;"">BROWN</span>","word",400,NA,"1 2 3 4",8,NA,NA,NA,NA,"175%","green","common","color",5.22,5,"common_color","congruent",2,401,24,16.71,257973,"3",857,1,NA
"350","4",46,"test","BROWN","stim1: green",3,"critical","incongruent",NA,"Press 1 for BLACK, <br>2 for <span style=""color:blue;"">BLUE</span>, <br>3 for <span style=""color:green;"">GREEN</span>, and <br>4 for <span style=""color:brown;"">BROWN</span>","word",400,NA,"1 2 3 4",8,NA,NA,NA,NA,"175%","brown","common","color",5.01,5,"common_color","incongruent",1,400,24,16.67,259456,"3",1089,1,NA
"351","4",21,"test","AQUA","stim1: brown",4,"filler","control",NA,"Press 1 for BLACK, <br>2 for <span style=""color:blue;"">BLUE</span>, <br>3 for <span style=""color:green;"">GREEN</span>, and <br>4 for <span style=""color:brown;"">BROWN</span>","word",400,NA,"1 2 3 4",8,NA,NA,NA,NA,"175%","aqua","rare","color",2.98,4,"rare_color","control",2,400,24,16.67,261448,"4",1599,1,NA
"352","4",33,"test","BLUE","stim1: black",1,"critical","incongruent",NA,"Press 1 for BLACK, <br>2 for <span style=""color:blue;"">BLUE</span>, <br>3 for <span style=""color:green;"">GREEN</span>, and <br>4 for <span style=""color:brown;"">BROWN</span>","word",400,NA,"1 2 3 4",8,NA,NA,NA,NA,"175%","blue","common","color",5.16,4,"common_color","incongruent",2,400,24,16.67,263251,"1",1418,1,NA
"353","4",43,"test","BROWN","stim1: blue",2,"critical","incongruent",NA,"Press 1 for BLACK, <br>2 for <span style=""color:blue;"">BLUE</span>, <br>3 for <span style=""color:green;"">GREEN</span>, and <br>4 for <span style=""color:brown;"">BROWN</span>","word",400,NA,"1 2 3 4",8,NA,NA,NA,NA,"175%","brown","common","color",5.01,5,"common_color","incongruent",2,400,24,16.67,264748,"2",1098,1,NA
"354","4",63,"test","MAUVE","stim1: green",3,"filler","control",NA,"Press 1 for BLACK, <br>2 for <span style=""color:blue;"">BLUE</span>, <br>3 for <span style=""color:green;"">GREEN</span>, and <br>4 for <span style=""color:brown;"">BROWN</span>","word",400,NA,"1 2 3 4",8,NA,NA,NA,NA,"175%","mauve","rare","color",2.71,5,"rare_color","control",2,400,24,16.67,265976,"3",827,1,NA
"355","4",39,"test","BLUE","stim1: green",3,"critical","incongruent",NA,"Press 1 for BLACK, <br>2 for <span style=""color:blue;"">BLUE</span>, <br>3 for <span style=""color:green;"">GREEN</span>, and <br>4 for <span style=""color:brown;"">BROWN</span>","word",400,NA,"1 2 3 4",8,NA,NA,NA,NA,"175%","blue","common","color",5.16,4,"common_color","incongruent",2,400,24,16.67,267243,"3",877,1,NA
"356","4",25,"test","BLACK","stim1: black",1,"critical","congruent",NA,"Press 1 for BLACK, <br>2 for <span style=""color:blue;"">BLUE</span>, <br>3 for <span style=""color:green;"">GREEN</span>, and <br>4 for <span style=""color:brown;"">BROWN</span>","word",400,NA,"1 2 3 4",8,NA,NA,NA,NA,"175%","black","common","color",5.26,5,"common_color","congruent",2,399,24,16.63,268700,"1",1068,1,NA
"357","4",92,"test","IRK","stim1: black",1,"filler","control",NA,"Press 1 for BLACK, <br>2 for <span style=""color:blue;"">BLUE</span>, <br>3 for <span style=""color:green;"">GREEN</span>, and <br>4 for <span style=""color:brown;"">BROWN</span>","word",400,NA,"1 2 3 4",8,NA,NA,NA,NA,"175%","irk","rare","noncolor",1.95,3,"rare_noncolor","control",NA,400,24,16.67,269877,"1",777,1,NA
"358","4",88,"test","FAST","stim1: black",1,"filler","control",NA,"Press 1 for BLACK, <br>2 for <span style=""color:blue;"">BLUE</span>, <br>3 for <span style=""color:green;"">GREEN</span>, and <br>4 for <span style=""color:brown;"">BROWN</span>","word",400,NA,"1 2 3 4",8,NA,NA,NA,NA,"175%","fast","common","noncolor",5.09,4,"common_noncolor","control",NA,400,24,16.67,270929,"1",662,1,NA
"359","4",51,"test","GREEN","stim1: blue",2,"critical","incongruent",NA,"Press 1 for BLACK, <br>2 for <span style=""color:blue;"">BLUE</span>, <br>3 for <span style=""color:green;"">GREEN</span>, and <br>4 for <span style=""color:brown;"">BROWN</span>","word",400,NA,"1 2 3 4",8,NA,NA,NA,NA,"175%","green","common","color",5.22,5,"common_color","incongruent",2,400,24,16.67,272023,"2",707,1,NA
"360","4",100,"test","SLOW","stim1: black",1,"filler","control",NA,"Press 1 for BLACK, <br>2 for <span style=""color:blue;"">BLUE</span>, <br>3 for <span style=""color:green;"">GREEN</span>, and <br>4 for <span style=""color:brown;"">BROWN</span>","word",400,NA,"1 2 3 4",8,NA,NA,NA,NA,"175%","slow","common","noncolor",4.81,4,"common_noncolor","control",NA,400,24,16.67,273243,"1",827,1,NA
"361","4",72,"test","SEPIA","stim1: black",1,"filler","control",NA,"Press 1 for BLACK, <br>2 for <span style=""color:blue;"">BLUE</span>, <br>3 for <span style=""color:green;"">GREEN</span>, and <br>4 for <span style=""color:brown;"">BROWN</span>","word",400,NA,"1 2 3 4",8,NA,NA,NA,NA,"175%","sepia","rare","color",2.38,5,"rare_color","control",1,400,24,16.67,274194,"1",561,1,NA
"362","4",50,"test","GREEN","stim1: blue",2,"critical","incongruent",NA,"Press 1 for BLACK, <br>2 for <span style=""color:blue;"">BLUE</span>, <br>3 for <span style=""color:green;"">GREEN</span>, and <br>4 for <span style=""color:brown;"">BROWN</span>","word",400,NA,"1 2 3 4",8,NA,NA,NA,NA,"175%","green","common","color",5.22,5,"common_color","incongruent",1,400,24,16.67,275198,"2",615,1,NA
"363","4",78,"test","SEPIA","stim1: green",3,"filler","control",NA,"Press 1 for BLACK, <br>2 for <span style=""color:blue;"">BLUE</span>, <br>3 for <span style=""color:green;"">GREEN</span>, and <br>4 for <span style=""color:brown;"">BROWN</span>","word",400,NA,"1 2 3 4",8,NA,NA,NA,NA,"175%","sepia","rare","color",2.38,5,"rare_color","control",1,400,24,16.67,276301,"3",702,1,NA
"364","4",109,"test","TUSK","stim1: blue",2,"filler","control",NA,"Press 1 for BLACK, <br>2 for <span style=""color:blue;"">BLUE</span>, <br>3 for <span style=""color:green;"">GREEN</span>, and <br>4 for <span style=""color:brown;"">BROWN</span>","word",400,NA,"1 2 3 4",8,NA,NA,NA,NA,"175%","tusk","rare","noncolor",3,4,"rare_noncolor","control",NA,400,24,16.67,279017,"2",2317,1,NA
"365","4",52,"test","GREEN","stim1: brown",4,"critical","incongruent",NA,"Press 1 for BLACK, <br>2 for <span style=""color:blue;"">BLUE</span>, <br>3 for <span style=""color:green;"">GREEN</span>, and <br>4 for <span style=""color:brown;"">BROWN</span>","word",400,NA,"1 2 3 4",8,NA,NA,NA,NA,"175%","green","common","color",5.22,5,"common_color","incongruent",1,400,24,16.67,280109,"4",693,1,NA
"366","4",91,"test","FAST","stim1: green",3,"filler","control",NA,"Press 1 for BLACK, <br>2 for <span style=""color:blue;"">BLUE</span>, <br>3 for <span style=""color:green;"">GREEN</span>, and <br>4 for <span style=""color:brown;"">BROWN</span>","word",400,NA,"1 2 3 4",8,NA,NA,NA,NA,"175%","fast","common","noncolor",5.09,4,"common_noncolor","control",NA,400,24,16.67,281211,"3",712,1,NA
"367","4",40,"test","BROWN","stim1: black",1,"critical","incongruent",NA,"Press 1 for BLACK, <br>2 for <span style=""color:blue;"">BLUE</span>, <br>3 for <span style=""color:green;"">GREEN</span>, and <br>4 for <span style=""color:brown;"">BROWN</span>","word",400,NA,"1 2 3 4",8,NA,NA,NA,NA,"175%","brown","common","color",5.01,5,"common_color","incongruent",1,400,24,16.67,282309,"1",709,1,NA
"368","4",67,"test","OCHRE","stim1: blue",2,"filler","control",NA,"Press 1 for BLACK, <br>2 for <span style=""color:blue;"">BLUE</span>, <br>3 for <span style=""color:green;"">GREEN</span>, and <br>4 for <span style=""color:brown;"">BROWN</span>","word",400,NA,"1 2 3 4",8,NA,NA,NA,NA,"175%","ochre","rare","color",2.77,5,"rare_color","control",2,400,24,16.67,283545,"2",846,1,NA
"369","4",64,"test","OCHRE","stim1: black",1,"filler","control",NA,"Press 1 for BLACK, <br>2 for <span style=""color:blue;"">BLUE</span>, <br>3 for <span style=""color:green;"">GREEN</span>, and <br>4 for <span style=""color:brown;"">BROWN</span>","word",400,NA,"1 2 3 4",8,NA,NA,NA,NA,"175%","ochre","rare","color",2.77,5,"rare_color","control",1,400,24,16.67,284742,"1",809,1,NA
"370","4",36,"test","BLUE","stim1: brown",4,"critical","incongruent",NA,"Press 1 for BLACK, <br>2 for <span style=""color:blue;"">BLUE</span>, <br>3 for <span style=""color:green;"">GREEN</span>, and <br>4 for <span style=""color:brown;"">BROWN</span>","word",400,NA,"1 2 3 4",8,NA,NA,NA,NA,"175%","blue","common","color",5.16,4,"common_color","incongruent",1,400,24,16.67,286078,"4",945,1,NA
"371","4",71,"test","OCHRE","stim1: green",3,"filler","control",NA,"Press 1 for BLACK, <br>2 for <span style=""color:blue;"">BLUE</span>, <br>3 for <span style=""color:green;"">GREEN</span>, and <br>4 for <span style=""color:brown;"">BROWN</span>","word",400,NA,"1 2 3 4",8,NA,NA,NA,NA,"175%","ochre","rare","color",2.77,5,"rare_color","control",2,400,24,16.67,287370,"3",904,1,NA
"372","4",47,"test","BROWN","stim1: green",3,"critical","incongruent",NA,"Press 1 for BLACK, <br>2 for <span style=""color:blue;"">BLUE</span>, <br>3 for <span style=""color:green;"">GREEN</span>, and <br>4 for <span style=""color:brown;"">BROWN</span>","word",400,NA,"1 2 3 4",8,NA,NA,NA,NA,"175%","brown","common","color",5.01,5,"common_color","incongruent",2,400,24,16.67,289828,"3",2062,1,NA
"373","4",34,"test","BLUE","stim1: blue",2,"critical","congruent",NA,"Press 1 for BLACK, <br>2 for <span style=""color:blue;"">BLUE</span>, <br>3 for <span style=""color:green;"">GREEN</span>, and <br>4 for <span style=""color:brown;"">BROWN</span>","word",400,NA,"1 2 3 4",8,NA,NA,NA,NA,"175%","blue","common","color",5.16,4,"common_color","congruent",1,400,24,16.67,292304,"2",2088,1,NA
"374","4",22,"test","AQUA","stim1: green",3,"filler","control",NA,"Press 1 for BLACK, <br>2 for <span style=""color:blue;"">BLUE</span>, <br>3 for <span style=""color:green;"">GREEN</span>, and <br>4 for <span style=""color:brown;"">BROWN</span>","word",400,NA,"1 2 3 4",8,NA,NA,NA,NA,"175%","aqua","rare","color",2.98,4,"rare_color","control",1,400,24,16.67,293587,"3",887,1,NA
"375","4",19,"test","AQUA","stim1: blue",2,"filler","control",NA,"Press 1 for BLACK, <br>2 for <span style=""color:blue;"">BLUE</span>, <br>3 for <span style=""color:green;"">GREEN</span>, and <br>4 for <span style=""color:brown;"">BROWN</span>","word",400,NA,"1 2 3 4",8,NA,NA,NA,NA,"175%","aqua","rare","color",2.98,4,"rare_color","control",2,400,24,16.67,294797,"2",814,1,NA
"376","4",97,"test","NYMPH","stim1: blue",2,"filler","control",NA,"Press 1 for BLACK, <br>2 for <span style=""color:blue;"">BLUE</span>, <br>3 for <span style=""color:green;"">GREEN</span>, and <br>4 for <span style=""color:brown;"">BROWN</span>","word",400,NA,"1 2 3 4",8,NA,NA,NA,NA,"175%","nymph","rare","noncolor",2.72,5,"rare_noncolor","control",NA,400,24,16.67,295951,"2",768,1,NA
"377","4",106,"test","SMALL","stim1: brown",4,"filler","control",NA,"Press 1 for BLACK, <br>2 for <span style=""color:blue;"">BLUE</span>, <br>3 for <span style=""color:green;"">GREEN</span>, and <br>4 for <span style=""color:brown;"">BROWN</span>","word",400,NA,"1 2 3 4",8,NA,NA,NA,NA,"175%","small","common","noncolor",5.43,5,"common_noncolor","control",NA,400,24,16.67,297066,"4",717,1,NA
"378","4",74,"test","SEPIA","stim1: blue",2,"filler","control",NA,"Press 1 for BLACK, <br>2 for <span style=""color:blue;"">BLUE</span>, <br>3 for <span style=""color:green;"">GREEN</span>, and <br>4 for <span style=""color:brown;"">BROWN</span>","word",400,NA,"1 2 3 4",8,NA,NA,NA,NA,"175%","sepia","rare","color",2.38,5,"rare_color","control",1,400,24,16.67,298314,"2",848,1,NA
"379","4",24,"test","BLACK","stim1: black",1,"critical","congruent",NA,"Press 1 for BLACK, <br>2 for <span style=""color:blue;"">BLUE</span>, <br>3 for <span style=""color:green;"">GREEN</span>, and <br>4 for <span style=""color:brown;"">BROWN</span>","word",400,NA,"1 2 3 4",8,NA,NA,NA,NA,"175%","black","common","color",5.26,5,"common_color","congruent",1,400,24,16.67,299411,"1",712,1,NA
"380","4",87,"test","BIG","stim1: green",3,"filler","control",NA,"Press 1 for BLACK, <br>2 for <span style=""color:blue;"">BLUE</span>, <br>3 for <span style=""color:green;"">GREEN</span>, and <br>4 for <span style=""color:brown;"">BROWN</span>","word",400,NA,"1 2 3 4",8,NA,NA,NA,NA,"175%","big","common","noncolor",5.94,3,"common_noncolor","control",NA,400,24,16.67,300633,"3",834,1,NA
"381","4",107,"test","SMALL","stim1: green",3,"filler","control",NA,"Press 1 for BLACK, <br>2 for <span style=""color:blue;"">BLUE</span>, <br>3 for <span style=""color:green;"">GREEN</span>, and <br>4 for <span style=""color:brown;"">BROWN</span>","word",400,NA,"1 2 3 4",8,NA,NA,NA,NA,"175%","small","common","noncolor",5.43,5,"common_noncolor","control",NA,399,24,16.63,301691,"3",658,1,NA
"382","4",105,"test","SMALL","stim1: blue",2,"filler","control",NA,"Press 1 for BLACK, <br>2 for <span style=""color:blue;"">BLUE</span>, <br>3 for <span style=""color:green;"">GREEN</span>, and <br>4 for <span style=""color:brown;"">BROWN</span>","word",400,NA,"1 2 3 4",8,NA,NA,NA,NA,"175%","small","common","noncolor",5.43,5,"common_noncolor","control",NA,399,24,16.63,302730,"2",647,1,NA
"383","4",95,"test","IRK","stim1: green",3,"filler","control",NA,"Press 1 for BLACK, <br>2 for <span style=""color:blue;"">BLUE</span>, <br>3 for <span style=""color:green;"">GREEN</span>, and <br>4 for <span style=""color:brown;"">BROWN</span>","word",400,NA,"1 2 3 4",8,NA,NA,NA,NA,"175%","irk","rare","noncolor",1.95,3,"rare_noncolor","control",NA,399,24,16.63,303794,"3",679,1,NA
"384","4",20,"test","AQUA","stim1: brown",4,"filler","control",NA,"Press 1 for BLACK, <br>2 for <span style=""color:blue;"">BLUE</span>, <br>3 for <span style=""color:green;"">GREEN</span>, and <br>4 for <span style=""color:brown;"">BROWN</span>","word",400,NA,"1 2 3 4",8,NA,NA,NA,NA,"175%","aqua","rare","color",2.98,4,"rare_color","control",1,400,24,16.67,304869,"4",687,1,NA
"385","4",37,"test","BLUE","stim1: brown",4,"critical","incongruent",NA,"Press 1 for BLACK, <br>2 for <span style=""color:blue;"">BLUE</span>, <br>3 for <span style=""color:green;"">GREEN</span>, and <br>4 for <span style=""color:brown;"">BROWN</span>","word",400,NA,"1 2 3 4",8,NA,NA,NA,NA,"175%","blue","common","color",5.16,4,"common_color","incongruent",2,400,24,16.67,305955,"4",689,1,NA
"386","4",99,"test","NYMPH","stim1: green",3,"filler","control",NA,"Press 1 for BLACK, <br>2 for <span style=""color:blue;"">BLUE</span>, <br>3 for <span style=""color:green;"">GREEN</span>, and <br>4 for <span style=""color:brown;"">BROWN</span>","word",400,NA,"1 2 3 4",8,NA,NA,NA,NA,"175%","nymph","rare","noncolor",2.72,5,"rare_noncolor","control",NA,400,24,16.67,307076,"3",727,1,NA
"387","4",82,"test","APEX","stim1: brown",4,"filler","control",NA,"Press 1 for BLACK, <br>2 for <span style=""color:blue;"">BLUE</span>, <br>3 for <span style=""color:green;"">GREEN</span>, and <br>4 for <span style=""color:brown;"">BROWN</span>","word",400,NA,"1 2 3 4",8,NA,NA,NA,NA,"175%","apex","rare","noncolor",2.96,4,"rare_noncolor","control",NA,401,24,16.71,308143,"4",677,1,NA
"388","4",29,"test","BLACK","stim1: brown",4,"critical","incongruent",NA,"Press 1 for BLACK, <br>2 for <span style=""color:blue;"">BLUE</span>, <br>3 for <span style=""color:green;"">GREEN</span>, and <br>4 for <span style=""color:brown;"">BROWN</span>","word",400,NA,"1 2 3 4",8,NA,NA,NA,NA,"175%","black","common","color",5.26,5,"common_color","incongruent",2,400,24,16.67,309207,"4",674,1,NA
"389","4",31,"test","BLACK","stim1: green",3,"critical","incongruent",NA,"Press 1 for BLACK, <br>2 for <span style=""color:blue;"">BLUE</span>, <br>3 for <span style=""color:green;"">GREEN</span>, and <br>4 for <span style=""color:brown;"">BROWN</span>","word",400,NA,"1 2 3 4",8,NA,NA,NA,NA,"175%","black","common","color",5.26,5,"common_color","incongruent",2,400,24,16.67,310567,"3",968,1,NA
"390","4",45,"test","BROWN","stim1: brown",4,"critical","congruent",NA,"Press 1 for BLACK, <br>2 for <span style=""color:blue;"">BLUE</span>, <br>3 for <span style=""color:green;"">GREEN</span>, and <br>4 for <span style=""color:brown;"">BROWN</span>","word",400,NA,"1 2 3 4",8,NA,NA,NA,NA,"175%","brown","common","color",5.01,5,"common_color","congruent",2,399,24,16.63,311595,"4",630,1,NA
"391","4",83,"test","APEX","stim1: green",3,"filler","control",NA,"Press 1 for BLACK, <br>2 for <span style=""color:blue;"">BLUE</span>, <br>3 for <span style=""color:green;"">GREEN</span>, and <br>4 for <span style=""color:brown;"">BROWN</span>","word",400,NA,"1 2 3 4",8,NA,NA,NA,NA,"175%","apex","rare","noncolor",2.96,4,"rare_noncolor","control",NA,400,24,16.67,312919,"3",936,1,NA
"392","4",86,"test","BIG","stim1: brown",4,"filler","control",NA,"Press 1 for BLACK, <br>2 for <span style=""color:blue;"">BLUE</span>, <br>3 for <span style=""color:green;"">GREEN</span>, and <br>4 for <span style=""color:brown;"">BROWN</span>","word",400,NA,"1 2 3 4",8,NA,NA,NA,NA,"175%","big","common","noncolor",5.94,3,"common_noncolor","control",NA,400,24,16.67,314013,"4",697,1,NA
"393","4",89,"test","FAST","stim1: blue",2,"filler","control",NA,"Press 1 for BLACK, <br>2 for <span style=""color:blue;"">BLUE</span>, <br>3 for <span style=""color:green;"">GREEN</span>, and <br>4 for <span style=""color:brown;"">BROWN</span>","word",400,NA,"1 2 3 4",8,NA,NA,NA,NA,"175%","fast","common","noncolor",5.09,4,"common_noncolor","control",NA,400,24,16.67,315127,"2",728,1,NA
"394","4",68,"test","OCHRE","stim1: brown",4,"filler","control",NA,"Press 1 for BLACK, <br>2 for <span style=""color:blue;"">BLUE</span>, <br>3 for <span style=""color:green;"">GREEN</span>, and <br>4 for <span style=""color:brown;"">BROWN</span>","word",400,NA,"1 2 3 4",8,NA,NA,NA,NA,"175%","ochre","rare","color",2.77,5,"rare_color","control",1,400,24,16.67,316157,"4",641,1,NA
"395","4",65,"test","OCHRE","stim1: black",1,"filler","control",NA,"Press 1 for BLACK, <br>2 for <span style=""color:blue;"">BLUE</span>, <br>3 for <span style=""color:green;"">GREEN</span>, and <br>4 for <span style=""color:brown;"">BROWN</span>","word",400,NA,"1 2 3 4",8,NA,NA,NA,NA,"175%","ochre","rare","color",2.77,5,"rare_color","control",2,400,24,16.67,317278,"1",729,1,NA
"396","4",73,"test","SEPIA","stim1: black",1,"filler","control",NA,"Press 1 for BLACK, <br>2 for <span style=""color:blue;"">BLUE</span>, <br>3 for <span style=""color:green;"">GREEN</span>, and <br>4 for <span style=""color:brown;"">BROWN</span>","word",400,NA,"1 2 3 4",8,NA,NA,NA,NA,"175%","sepia","rare","color",2.38,5,"rare_color","control",2,400,24,16.67,319191,"1",1525,1,NA
"397","4",42,"test","BROWN","stim1: blue",2,"critical","incongruent",NA,"Press 1 for BLACK, <br>2 for <span style=""color:blue;"">BLUE</span>, <br>3 for <span style=""color:green;"">GREEN</span>, and <br>4 for <span style=""color:brown;"">BROWN</span>","word",400,NA,"1 2 3 4",8,NA,NA,NA,NA,"175%","brown","common","color",5.01,5,"common_color","incongruent",1,401,24,16.71,320182,"2",599,1,NA
"398","4",23,"test","AQUA","stim1: green",3,"filler","control",NA,"Press 1 for BLACK, <br>2 for <span style=""color:blue;"">BLUE</span>, <br>3 for <span style=""color:green;"">GREEN</span>, and <br>4 for <span style=""color:brown;"">BROWN</span>","word",400,NA,"1 2 3 4",8,NA,NA,NA,NA,"175%","aqua","rare","color",2.98,4,"rare_color","control",2,400,24,16.67,321307,"3",724,1,NA
"399","4",102,"test","SLOW","stim1: brown",4,"filler","control",NA,"Press 1 for BLACK, <br>2 for <span style=""color:blue;"">BLUE</span>, <br>3 for <span style=""color:green;"">GREEN</span>, and <br>4 for <span style=""color:brown;"">BROWN</span>","word",400,NA,"1 2 3 4",8,NA,NA,NA,NA,"175%","slow","common","noncolor",4.81,4,"common_noncolor","control",NA,400,24,16.67,322331,"4",632,1,NA
"400","4",18,"test","AQUA","stim1: blue",2,"filler","control",NA,"Press 1 for BLACK, <br>2 for <span style=""color:blue;"">BLUE</span>, <br>3 for <span style=""color:green;"">GREEN</span>, and <br>4 for <span style=""color:brown;"">BROWN</span>","word",400,NA,"1 2 3 4",8,NA,NA,NA,NA,"175%","aqua","rare","color",2.98,4,"rare_color","control",1,400,24,16.67,323610,"2",894,1,NA
"401","4",94,"test","IRK","stim1: brown",4,"filler","control",NA,"Press 1 for BLACK, <br>2 for <span style=""color:blue;"">BLUE</span>, <br>3 for <span style=""color:green;"">GREEN</span>, and <br>4 for <span style=""color:brown;"">BROWN</span>","word",400,NA,"1 2 3 4",8,NA,NA,NA,NA,"175%","irk","rare","noncolor",1.95,3,"rare_noncolor","control",NA,400,24,16.67,324672,"4",673,1,NA
"402","4",58,"test","MAUVE","stim1: blue",2,"filler","control",NA,"Press 1 for BLACK, <br>2 for <span style=""color:blue;"">BLUE</span>, <br>3 for <span style=""color:green;"">GREEN</span>, and <br>4 for <span style=""color:brown;"">BROWN</span>","word",400,NA,"1 2 3 4",8,NA,NA,NA,NA,"175%","mauve","rare","color",2.71,5,"rare_color","control",1,400,24,16.67,325956,"2",890,1,NA
"403","4",17,"test","AQUA","stim1: black",1,"filler","control",NA,"Press 1 for BLACK, <br>2 for <span style=""color:blue;"">BLUE</span>, <br>3 for <span style=""color:green;"">GREEN</span>, and <br>4 for <span style=""color:brown;"">BROWN</span>","word",400,NA,"1 2 3 4",8,NA,NA,NA,NA,"175%","aqua","rare","color",2.98,4,"rare_color","control",2,400,24,16.67,328266,"1",1917,1,NA
"404","4",84,"test","BIG","stim1: black",1,"filler","control",NA,"Press 1 for BLACK, <br>2 for <span style=""color:blue;"">BLUE</span>, <br>3 for <span style=""color:green;"">GREEN</span>, and <br>4 for <span style=""color:brown;"">BROWN</span>","word",400,NA,"1 2 3 4",8,NA,NA,NA,NA,"175%","big","common","noncolor",5.94,3,"common_noncolor","control",NA,400,24,16.67,329257,"1",591,1,NA
"405","4",96,"test","NYMPH","stim1: black",1,"filler","control",NA,"Press 1 for BLACK, <br>2 for <span style=""color:blue;"">BLUE</span>, <br>3 for <span style=""color:green;"">GREEN</span>, and <br>4 for <span style=""color:brown;"">BROWN</span>","word",400,NA,"1 2 3 4",8,NA,NA,NA,NA,"175%","nymph","rare","noncolor",2.72,5,"rare_noncolor","control",NA,400,24,16.67,331842,"1",2193,1,NA
"406","4",53,"test","GREEN","stim1: brown",4,"critical","incongruent",NA,"Press 1 for BLACK, <br>2 for <span style=""color:blue;"">BLUE</span>, <br>3 for <span style=""color:green;"">GREEN</span>, and <br>4 for <span style=""color:brown;"">BROWN</span>","word",400,NA,"1 2 3 4",8,NA,NA,NA,NA,"175%","green","common","color",5.22,5,"common_color","incongruent",2,400,24,16.67,333247,"4",1014,1,NA
"407","4",59,"test","MAUVE","stim1: blue",2,"filler","control",NA,"Press 1 for BLACK, <br>2 for <span style=""color:blue;"">BLUE</span>, <br>3 for <span style=""color:green;"">GREEN</span>, and <br>4 for <span style=""color:brown;"">BROWN</span>","word",400,NA,"1 2 3 4",8,NA,NA,NA,NA,"175%","mauve","rare","color",2.71,5,"rare_color","control",2,400,24,16.67,334220,"2",587,1,NA
"408","4",81,"test","APEX","stim1: blue",2,"filler","control",NA,"Press 1 for BLACK, <br>2 for <span style=""color:blue;"">BLUE</span>, <br>3 for <span style=""color:green;"">GREEN</span>, and <br>4 for <span style=""color:brown;"">BROWN</span>","word",400,NA,"1 2 3 4",8,NA,NA,NA,NA,"175%","apex","rare","noncolor",2.96,4,"rare_noncolor","control",NA,400,24,16.67,335330,"2",714,1,NA
"409","4",26,"test","BLACK","stim1: blue",2,"critical","incongruent",NA,"Press 1 for BLACK, <br>2 for <span style=""color:blue;"">BLUE</span>, <br>3 for <span style=""color:green;"">GREEN</span>, and <br>4 for <span style=""color:brown;"">BROWN</span>","word",400,NA,"1 2 3 4",8,NA,NA,NA,NA,"175%","black","common","color",5.26,5,"common_color","incongruent",1,400,24,16.67,336296,"2",581,1,NA
"410","4",101,"test","SLOW","stim1: blue",2,"filler","control",NA,"Press 1 for BLACK, <br>2 for <span style=""color:blue;"">BLUE</span>, <br>3 for <span style=""color:green;"">GREEN</span>, and <br>4 for <span style=""color:brown;"">BROWN</span>","word",400,NA,"1 2 3 4",8,NA,NA,NA,NA,"175%","slow","common","noncolor",4.81,4,"common_noncolor","control",NA,400,24,16.67,337269,"2",586,1,NA
"411","4",27,"test","BLACK","stim1: blue",2,"critical","incongruent",NA,"Press 1 for BLACK, <br>2 for <span style=""color:blue;"">BLUE</span>, <br>3 for <span style=""color:green;"">GREEN</span>, and <br>4 for <span style=""color:brown;"">BROWN</span>","word",400,NA,"1 2 3 4",8,NA,NA,NA,NA,"175%","black","common","color",5.26,5,"common_color","incongruent",2,400,24,16.67,338819,"2",1153,1,NA
"412","4",79,"test","SEPIA","stim1: green",3,"filler","control",NA,"Press 1 for BLACK, <br>2 for <span style=""color:blue;"">BLUE</span>, <br>3 for <span style=""color:green;"">GREEN</span>, and <br>4 for <span style=""color:brown;"">BROWN</span>","word",400,NA,"1 2 3 4",8,NA,NA,NA,NA,"175%","sepia","rare","color",2.38,5,"rare_color","control",2,401,24,16.71,340108,"3",892,1,NA
"413","4",77,"test","SEPIA","stim1: brown",4,"filler","control",NA,"Press 1 for BLACK, <br>2 for <span style=""color:blue;"">BLUE</span>, <br>3 for <span style=""color:green;"">GREEN</span>, and <br>4 for <span style=""color:brown;"">BROWN</span>","word",400,NA,"1 2 3 4",8,NA,NA,NA,NA,"175%","sepia","rare","color",2.38,5,"rare_color","control",2,400,24,16.67,341323,"4",824,1,NA
"414","4",56,"test","MAUVE","stim1: black",1,"filler","control",NA,"Press 1 for BLACK, <br>2 for <span style=""color:blue;"">BLUE</span>, <br>3 for <span style=""color:green;"">GREEN</span>, and <br>4 for <span style=""color:brown;"">BROWN</span>","word",400,NA,"1 2 3 4",8,NA,NA,NA,NA,"175%","mauve","rare","color",2.71,5,"rare_color","control",1,400,24,16.67,342606,"1",890,1,NA
"415","4",54,"test","GREEN","stim1: green",3,"critical","congruent",NA,"Press 1 for BLACK, <br>2 for <span style=""color:blue;"">BLUE</span>, <br>3 for <span style=""color:green;"">GREEN</span>, and <br>4 for <span style=""color:brown;"">BROWN</span>","word",400,NA,"1 2 3 4",8,NA,NA,NA,NA,"175%","green","common","color",5.22,5,"common_color","congruent",1,400,24,16.67,343950,"3",951,1,NA
"416","4",44,"test","BROWN","stim1: brown",4,"critical","congruent",NA,"Press 1 for BLACK, <br>2 for <span style=""color:blue;"">BLUE</span>, <br>3 for <span style=""color:green;"">GREEN</span>, and <br>4 for <span style=""color:brown;"">BROWN</span>","word",400,NA,"1 2 3 4",8,NA,NA,NA,NA,"175%","brown","common","color",5.01,5,"common_color","congruent",1,400,24,16.67,344995,"4",646,1,NA
"417","4",38,"test","BLUE","stim1: green",3,"critical","incongruent",NA,"Press 1 for BLACK, <br>2 for <span style=""color:blue;"">BLUE</span>, <br>3 for <span style=""color:green;"">GREEN</span>, and <br>4 for <span style=""color:brown;"">BROWN</span>","word",400,NA,"1 2 3 4",8,NA,NA,NA,NA,"175%","blue","common","color",5.16,4,"common_color","incongruent",1,400,24,16.67,346263,"3",880,1,NA
"418","4",60,"test","MAUVE","stim1: brown",4,"filler","control",NA,"Press 1 for BLACK, <br>2 for <span style=""color:blue;"">BLUE</span>, <br>3 for <span style=""color:green;"">GREEN</span>, and <br>4 for <span style=""color:brown;"">BROWN</span>","word",400,NA,"1 2 3 4",8,NA,NA,NA,NA,"175%","mauve","rare","color",2.71,5,"rare_color","control",1,400,24,16.67,347271,"4",621,1,NA
"419","4",41,"test","BROWN","stim1: black",1,"critical","incongruent",NA,"Press 1 for BLACK, <br>2 for <span style=""color:blue;"">BLUE</span>, <br>3 for <span style=""color:green;"">GREEN</span>, and <br>4 for <span style=""color:brown;"">BROWN</span>","word",400,NA,"1 2 3 4",8,NA,NA,NA,NA,"175%","brown","common","color",5.01,5,"common_color","incongruent",2,401,24,16.71,348378,"1",712,1,NA
"420","4",80,"test","APEX","stim1: black",1,"filler","control",NA,"Press 1 for BLACK, <br>2 for <span style=""color:blue;"">BLUE</span>, <br>3 for <span style=""color:green;"">GREEN</span>, and <br>4 for <span style=""color:brown;"">BROWN</span>","word",400,NA,"1 2 3 4",8,NA,NA,NA,NA,"175%","apex","rare","noncolor",2.96,4,"rare_noncolor","control",NA,400,24,16.67,349350,"1",584,1,NA
"421","4",110,"test","TUSK","stim1: brown",4,"filler","control",NA,"Press 1 for BLACK, <br>2 for <span style=""color:blue;"">BLUE</span>, <br>3 for <span style=""color:green;"">GREEN</span>, and <br>4 for <span style=""color:brown;"">BROWN</span>","word",400,NA,"1 2 3 4",8,NA,NA,NA,NA,"175%","tusk","rare","noncolor",3,4,"rare_noncolor","control",NA,400,24,16.67,350383,"4",634,1,NA
"422","4",104,"test","SMALL","stim1: black",1,"filler","control",NA,"Press 1 for BLACK, <br>2 for <span style=""color:blue;"">BLUE</span>, <br>3 for <span style=""color:green;"">GREEN</span>, and <br>4 for <span style=""color:brown;"">BROWN</span>","word",400,NA,"1 2 3 4",8,NA,NA,NA,NA,"175%","small","common","noncolor",5.43,5,"common_noncolor","control",NA,400,24,16.67,352081,"1",1299,1,NA
"423","4",62,"test","MAUVE","stim1: green",3,"filler","control",NA,"Press 1 for BLACK, <br>2 for <span style=""color:blue;"">BLUE</span>, <br>3 for <span style=""color:green;"">GREEN</span>, and <br>4 for <span style=""color:brown;"">BROWN</span>","word",400,NA,"1 2 3 4",8,NA,NA,NA,NA,"175%","mauve","rare","color",2.71,5,"rare_color","control",1,400,24,16.67,353304,"3",821,1,NA
"424","4",108,"test","TUSK","stim1: black",1,"filler","control",NA,"Press 1 for BLACK, <br>2 for <span style=""color:blue;"">BLUE</span>, <br>3 for <span style=""color:green;"">GREEN</span>, and <br>4 for <span style=""color:brown;"">BROWN</span>","word",400,NA,"1 2 3 4",8,NA,NA,NA,NA,"175%","tusk","rare","noncolor",3,4,"rare_noncolor","control",NA,400,24,16.67,354580,"1",881,1,NA
"425","4",30,"test","BLACK","stim1: green",3,"critical","incongruent",NA,"Press 1 for BLACK, <br>2 for <span style=""color:blue;"">BLUE</span>, <br>3 for <span style=""color:green;"">GREEN</span>, and <br>4 for <span style=""color:brown;"">BROWN</span>","word",400,NA,"1 2 3 4",8,NA,NA,NA,NA,"175%","black","common","color",5.26,5,"common_color","incongruent",1,400,24,16.67,355623,"3",657,1,NA
"426","4",61,"test","MAUVE","stim1: brown",4,"filler","control",NA,"Press 1 for BLACK, <br>2 for <span style=""color:blue;"">BLUE</span>, <br>3 for <span style=""color:green;"">GREEN</span>, and <br>4 for <span style=""color:brown;"">BROWN</span>","word",400,NA,"1 2 3 4",8,NA,NA,NA,NA,"175%","mauve","rare","color",2.71,5,"rare_color","control",2,400,24,16.67,356881,"4",865,1,NA
"427","4",35,"test","BLUE","stim1: blue",2,"critical","congruent",NA,"Press 1 for BLACK, <br>2 for <span style=""color:blue;"">BLUE</span>, <br>3 for <span style=""color:green;"">GREEN</span>, and <br>4 for <span style=""color:brown;"">BROWN</span>","word",400,NA,"1 2 3 4",8,NA,NA,NA,NA,"175%","blue","common","color",5.16,4,"common_color","congruent",2,400,24,16.67,358077,"2",811,1,NA
"428","4",32,"test","BLUE","stim1: black",1,"critical","incongruent",NA,"Press 1 for BLACK, <br>2 for <span style=""color:blue;"">BLUE</span>, <br>3 for <span style=""color:green;"">GREEN</span>, and <br>4 for <span style=""color:brown;"">BROWN</span>","word",400,NA,"1 2 3 4",8,NA,NA,NA,NA,"175%","blue","common","color",5.16,4,"common_color","incongruent",1,400,24,16.67,359291,"1",825,1,NA
"429","5",3,"form",NA,NA,0,NA,NA,NA,NA,NA,0,"NEXT",NA,2,1,"What is your English language READING ability?","radio","Native Speaker;High Proficiency (CEFR C1-C2);Intermediate Proficiency (CEFR B1-B2);Low Proficiency (CEFR A1-A2);No proficiency:exclusive","175%",NA,NA,NA,NA,NA,NA,NA,NA,NA,NA,NA,116950,"Intermediate Proficiency (CEFR B1-B2)",103645,0,3
"430","5",4,"form",NA,NA,0,NA,NA,NA,NA,NA,0,NA,NA,3,1,"What is your Standard Mandarin (普通话) language READING ability?","radio","Native Speaker;High Proficiency (CEFR C1-C2);Intermediate Proficiency (CEFR B1-B2);Low Proficiency (CEFR A1-A2);No proficiency:exclusive","175%",NA,NA,NA,NA,NA,NA,NA,NA,NA,NA,NA,116950,"Native Speaker",103645,0,1
"431","5",5,"form",NA,NA,0,NA,NA,NA,NA,NA,0,NA,NA,4,NA,"Are you proficient in or learning any other foreign languages? (Please include the name of the language and your proficiency self-assessment.)","box",NA,"175%",NA,NA,NA,NA,NA,NA,NA,NA,NA,NA,NA,116950,NA,103645,0,NA
"432","5",13,"test","IRK","stim1: brown",4,"practice",NA,"correct: Correct! You responded in %RT% ms ; incorrect: Incorrect! The font color was  BROWN. You responded in %RT% ms","Press 1 for BLACK, <br>2 for <span style=""color:blue;"">BLUE</span>, <br>3 for <span style=""color:green;"">GREEN</span>, and <br>4 for <span style=""color:brown;"">BROWN</span>","word",400,NA,"1 2 3 4",6,NA,NA,NA,NA,"175%",NA,NA,NA,NA,NA,NA,NA,NA,400,24,16.67,157510,"4",4392,1,NA
"433","5",14,"test","NYMPH","stim1: brown",4,"practice",NA,"correct: Correct! You responded in %RT% ms ; incorrect: Incorrect! The font color was  BROWN. You responded in %RT% ms","Press 1 for BLACK, <br>2 for <span style=""color:blue;"">BLUE</span>, <br>3 for <span style=""color:green;"">GREEN</span>, and <br>4 for <span style=""color:brown;"">BROWN</span>","word",400,NA,"1 2 3 4",6,NA,NA,NA,NA,"175%",NA,NA,NA,NA,NA,NA,NA,NA,399,24,16.63,160620,"4",1272,1,NA
"434","5",7,"test","BLACK","stim1: black",1,"practice",NA,"correct: Correct! You responded in %RT% ms ; incorrect: Incorrect! The font color was  BLACK. You responded in %RT% ms","Press 1 for BLACK, <br>2 for <span style=""color:blue;"">BLUE</span>, <br>3 for <span style=""color:green;"">GREEN</span>, and <br>4 for <span style=""color:brown;"">BROWN</span>","word",400,NA,"1 2 3 4",6,NA,NA,NA,NA,"175%",NA,NA,NA,NA,NA,NA,NA,NA,400,24,16.67,163436,"1",1454,1,NA
"435","5",9,"test","BLUE","stim1: blue",2,"practice",NA,"correct: Correct! You responded in %RT% ms ; incorrect: Incorrect! The font color was  BLUE. You responded in %RT% ms","Press 1 for BLACK, <br>2 for <span style=""color:blue;"">BLUE</span>, <br>3 for <span style=""color:green;"">GREEN</span>, and <br>4 for <span style=""color:brown;"">BROWN</span>","word",400,NA,"1 2 3 4",6,NA,NA,NA,NA,"175%",NA,NA,NA,NA,NA,NA,NA,NA,400,24,16.67,167960,"2",1462,1,NA
"436","5",11,"test","TUSK","stim1: blue",2,"practice",NA,"correct: Correct! You responded in %RT% ms ; incorrect: Incorrect! The font color was  BLUE. You responded in %RT% ms","Press 1 for BLACK, <br>2 for <span style=""color:blue;"">BLUE</span>, <br>3 for <span style=""color:green;"">GREEN</span>, and <br>4 for <span style=""color:brown;"">BROWN</span>","word",400,NA,"1 2 3 4",6,NA,NA,NA,NA,"175%",NA,NA,NA,NA,NA,NA,NA,NA,400,24,16.67,170863,"2",1483,1,NA
"437","5",12,"test","SEPIA","stim1: green",3,"practice",NA,"correct: Correct! You responded in %RT% ms ; incorrect: Incorrect! The font color was  GREEN. You responded in %RT% ms","Press 1 for BLACK, <br>2 for <span style=""color:blue;"">BLUE</span>, <br>3 for <span style=""color:green;"">GREEN</span>, and <br>4 for <span style=""color:brown;"">BROWN</span>","word",400,NA,"1 2 3 4",6,NA,NA,NA,NA,"175%",NA,NA,NA,NA,NA,NA,NA,NA,400,24,16.67,173836,"3",1554,1,NA
"438","5",8,"test","GREEN","stim1: black",1,"practice",NA,"correct: Correct! You responded in %RT% ms ; incorrect: Incorrect! The font color was  BLACK. You responded in %RT% ms","Press 1 for BLACK, <br>2 for <span style=""color:blue;"">BLUE</span>, <br>3 for <span style=""color:green;"">GREEN</span>, and <br>4 for <span style=""color:brown;"">BROWN</span>","word",400,NA,"1 2 3 4",6,NA,NA,NA,NA,"175%",NA,NA,NA,NA,NA,NA,NA,NA,400,24,16.67,177505,"1",2657,1,NA
"439","5",10,"test","BROWN","stim1: green",3,"practice",NA,"correct: Correct! You responded in %RT% ms ; incorrect: Incorrect! The font color was  GREEN. You responded in %RT% ms","Press 1 for BLACK, <br>2 for <span style=""color:blue;"">BLUE</span>, <br>3 for <span style=""color:green;"">GREEN</span>, and <br>4 for <span style=""color:brown;"">BROWN</span>","word",400,NA,"1 2 3 4",6,NA,NA,NA,NA,"175%",NA,NA,NA,NA,NA,NA,NA,NA,401,24,16.71,183177,"3",3212,1,NA
"440","5",86,"test","BIG","stim1: brown",4,"filler","control",NA,"Press 1 for BLACK, <br>2 for <span style=""color:blue;"">BLUE</span>, <br>3 for <span style=""color:green;"">GREEN</span>, and <br>4 for <span style=""color:brown;"">BROWN</span>","word",400,NA,"1 2 3 4",8,NA,NA,NA,NA,"175%","big","common","noncolor",5.94,3,"common_noncolor","control",NA,400,24,16.67,191305,"4",2041,1,NA
"441","5",38,"test","BLUE","stim1: green",3,"critical","incongruent",NA,"Press 1 for BLACK, <br>2 for <span style=""color:blue;"">BLUE</span>, <br>3 for <span style=""color:green;"">GREEN</span>, and <br>4 for <span style=""color:brown;"">BROWN</span>","word",400,NA,"1 2 3 4",8,NA,NA,NA,NA,"175%","blue","common","color",5.16,4,"common_color","incongruent",1,400,24,16.67,193707,"3",2009,1,NA
"442","5",48,"test","GREEN","stim1: black",1,"critical","incongruent",NA,"Press 1 for BLACK, <br>2 for <span style=""color:blue;"">BLUE</span>, <br>3 for <span style=""color:green;"">GREEN</span>, and <br>4 for <span style=""color:brown;"">BROWN</span>","word",400,NA,"1 2 3 4",8,NA,NA,NA,NA,"175%","green","common","color",5.22,5,"common_color","incongruent",1,400,24,16.67,195598,"1",1500,1,NA
"443","5",71,"test","OCHRE","stim1: green",3,"filler","control",NA,"Press 1 for BLACK, <br>2 for <span style=""color:blue;"">BLUE</span>, <br>3 for <span style=""color:green;"">GREEN</span>, and <br>4 for <span style=""color:brown;"">BROWN</span>","word",400,NA,"1 2 3 4",8,NA,NA,NA,NA,"175%","ochre","rare","color",2.77,5,"rare_color","control",2,400,24,16.67,198214,"3",2216,1,NA
"444","5",81,"test","APEX","stim1: blue",2,"filler","control",NA,"Press 1 for BLACK, <br>2 for <span style=""color:blue;"">BLUE</span>, <br>3 for <span style=""color:green;"">GREEN</span>, and <br>4 for <span style=""color:brown;"">BROWN</span>","word",400,NA,"1 2 3 4",8,NA,NA,NA,NA,"175%","apex","rare","noncolor",2.96,4,"rare_noncolor","control",NA,400,24,16.67,200520,"2",1905,1,NA
"445","5",43,"test","BROWN","stim1: blue",2,"critical","incongruent",NA,"Press 1 for BLACK, <br>2 for <span style=""color:blue;"">BLUE</span>, <br>3 for <span style=""color:green;"">GREEN</span>, and <br>4 for <span style=""color:brown;"">BROWN</span>","word",400,NA,"1 2 3 4",8,NA,NA,NA,NA,"175%","brown","common","color",5.01,5,"common_color","incongruent",2,400,24,16.67,201954,"2",1040,1,NA
"446","5",106,"test","SMALL","stim1: brown",4,"filler","control",NA,"Press 1 for BLACK, <br>2 for <span style=""color:blue;"">BLUE</span>, <br>3 for <span style=""color:green;"">GREEN</span>, and <br>4 for <span style=""color:brown;"">BROWN</span>","word",400,NA,"1 2 3 4",8,NA,NA,NA,NA,"175%","small","common","noncolor",5.43,5,"common_noncolor","control",NA,400,24,16.67,203700,"4",1352,1,NA
"447","5",76,"test","SEPIA","stim1: brown",4,"filler","control",NA,"Press 1 for BLACK, <br>2 for <span style=""color:blue;"">BLUE</span>, <br>3 for <span style=""color:green;"">GREEN</span>, and <br>4 for <span style=""color:brown;"">BROWN</span>","word",400,NA,"1 2 3 4",8,NA,NA,NA,NA,"175%","sepia","rare","color",2.38,5,"rare_color","control",1,400,24,16.67,205076,"4",978,1,NA
"448","5",100,"test","SLOW","stim1: black",1,"filler","control",NA,"Press 1 for BLACK, <br>2 for <span style=""color:blue;"">BLUE</span>, <br>3 for <span style=""color:green;"">GREEN</span>, and <br>4 for <span style=""color:brown;"">BROWN</span>","word",400,NA,"1 2 3 4",8,NA,NA,NA,NA,"175%","slow","common","noncolor",4.81,4,"common_noncolor","control",NA,400,24,16.67,206618,"1",1153,1,NA
"449","5",84,"test","BIG","stim1: black",1,"filler","control",NA,"Press 1 for BLACK, <br>2 for <span style=""color:blue;"">BLUE</span>, <br>3 for <span style=""color:green;"">GREEN</span>, and <br>4 for <span style=""color:brown;"">BROWN</span>","word",400,NA,"1 2 3 4",8,NA,NA,NA,NA,"175%","big","common","noncolor",5.94,3,"common_noncolor","control",NA,399,24,16.63,207780,"1",766,1,NA
"450","5",92,"test","IRK","stim1: black",1,"filler","control",NA,"Press 1 for BLACK, <br>2 for <span style=""color:blue;"">BLUE</span>, <br>3 for <span style=""color:green;"">GREEN</span>, and <br>4 for <span style=""color:brown;"">BROWN</span>","word",400,NA,"1 2 3 4",8,NA,NA,NA,NA,"175%","irk","rare","noncolor",1.95,3,"rare_noncolor","control",NA,400,24,16.67,209098,"1",917,1,NA
"451","5",78,"test","SEPIA","stim1: green",3,"filler","control",NA,"Press 1 for BLACK, <br>2 for <span style=""color:blue;"">BLUE</span>, <br>3 for <span style=""color:green;"">GREEN</span>, and <br>4 for <span style=""color:brown;"">BROWN</span>","word",400,NA,"1 2 3 4",8,NA,NA,NA,NA,"175%","sepia","rare","color",2.38,5,"rare_color","control",1,401,24,16.71,210987,"3",1489,1,NA
"452","5",45,"test","BROWN","stim1: brown",4,"critical","congruent",NA,"Press 1 for BLACK, <br>2 for <span style=""color:blue;"">BLUE</span>, <br>3 for <span style=""color:green;"">GREEN</span>, and <br>4 for <span style=""color:brown;"">BROWN</span>","word",400,NA,"1 2 3 4",8,NA,NA,NA,NA,"175%","brown","common","color",5.01,5,"common_color","congruent",2,400,24,16.67,212411,"4",1030,1,NA
"453","5",89,"test","FAST","stim1: blue",2,"filler","control",NA,"Press 1 for BLACK, <br>2 for <span style=""color:blue;"">BLUE</span>, <br>3 for <span style=""color:green;"">GREEN</span>, and <br>4 for <span style=""color:brown;"">BROWN</span>","word",400,NA,"1 2 3 4",8,NA,NA,NA,NA,"175%","fast","common","noncolor",5.09,4,"common_noncolor","control",NA,399,24,16.63,213945,"2",1148,1,NA
"454","5",68,"test","OCHRE","stim1: brown",4,"filler","control",NA,"Press 1 for BLACK, <br>2 for <span style=""color:blue;"">BLUE</span>, <br>3 for <span style=""color:green;"">GREEN</span>, and <br>4 for <span style=""color:brown;"">BROWN</span>","word",400,NA,"1 2 3 4",8,NA,NA,NA,NA,"175%","ochre","rare","color",2.77,5,"rare_color","control",1,400,24,16.67,215726,"4",1395,1,NA
"455","5",18,"test","AQUA","stim1: blue",2,"filler","control",NA,"Press 1 for BLACK, <br>2 for <span style=""color:blue;"">BLUE</span>, <br>3 for <span style=""color:green;"">GREEN</span>, and <br>4 for <span style=""color:brown;"">BROWN</span>","word",400,NA,"1 2 3 4",8,NA,NA,NA,NA,"175%","aqua","rare","color",2.98,4,"rare_color","control",1,400,24,16.67,217602,"2",1487,1,NA
"456","5",97,"test","NYMPH","stim1: blue",2,"filler","control",NA,"Press 1 for BLACK, <br>2 for <span style=""color:blue;"">BLUE</span>, <br>3 for <span style=""color:green;"">GREEN</span>, and <br>4 for <span style=""color:brown;"">BROWN</span>","word",400,NA,"1 2 3 4",8,NA,NA,NA,NA,"175%","nymph","rare","noncolor",2.72,5,"rare_noncolor","control",NA,400,24,16.67,219249,"2",1251,1,NA
"457","5",34,"test","BLUE","stim1: blue",2,"critical","congruent",NA,"Press 1 for BLACK, <br>2 for <span style=""color:blue;"">BLUE</span>, <br>3 for <span style=""color:green;"">GREEN</span>, and <br>4 for <span style=""color:brown;"">BROWN</span>","word",400,NA,"1 2 3 4",8,NA,NA,NA,NA,"175%","blue","common","color",5.16,4,"common_color","congruent",1,400,24,16.67,220438,"2",790,1,NA
"458","5",17,"test","AQUA","stim1: black",1,"filler","control",NA,"Press 1 for BLACK, <br>2 for <span style=""color:blue;"">BLUE</span>, <br>3 for <span style=""color:green;"">GREEN</span>, and <br>4 for <span style=""color:brown;"">BROWN</span>","word",400,NA,"1 2 3 4",8,NA,NA,NA,NA,"175%","aqua","rare","color",2.98,4,"rare_color","control",2,401,24,16.71,222298,"1",1467,1,NA
"459","5",67,"test","OCHRE","stim1: blue",2,"filler","control",NA,"Press 1 for BLACK, <br>2 for <span style=""color:blue;"">BLUE</span>, <br>3 for <span style=""color:green;"">GREEN</span>, and <br>4 for <span style=""color:brown;"">BROWN</span>","word",400,NA,"1 2 3 4",8,NA,NA,NA,NA,"175%","ochre","rare","color",2.77,5,"rare_color","control",2,400,24,16.67,223770,"2",1072,1,NA
"460","5",64,"test","OCHRE","stim1: black",1,"filler","control",NA,"Press 1 for BLACK, <br>2 for <span style=""color:blue;"">BLUE</span>, <br>3 for <span style=""color:green;"">GREEN</span>, and <br>4 for <span style=""color:brown;"">BROWN</span>","word",400,NA,"1 2 3 4",8,NA,NA,NA,NA,"175%","ochre","rare","color",2.77,5,"rare_color","control",1,400,24,16.67,224924,"1",759,1,NA
"461","5",109,"test","TUSK","stim1: blue",2,"filler","control",NA,"Press 1 for BLACK, <br>2 for <span style=""color:blue;"">BLUE</span>, <br>3 for <span style=""color:green;"">GREEN</span>, and <br>4 for <span style=""color:brown;"">BROWN</span>","word",400,NA,"1 2 3 4",8,NA,NA,NA,NA,"175%","tusk","rare","noncolor",3,4,"rare_noncolor","control",NA,400,24,16.67,225934,"2",619,1,NA
"462","5",87,"test","BIG","stim1: green",3,"filler","control",NA,"Press 1 for BLACK, <br>2 for <span style=""color:blue;"">BLUE</span>, <br>3 for <span style=""color:green;"">GREEN</span>, and <br>4 for <span style=""color:brown;"">BROWN</span>","word",400,NA,"1 2 3 4",8,NA,NA,NA,NA,"175%","big","common","noncolor",5.94,3,"common_noncolor","control",NA,400,24,16.67,227616,"3",1285,1,NA
"463","5",30,"test","BLACK","stim1: green",3,"critical","incongruent",NA,"Press 1 for BLACK, <br>2 for <span style=""color:blue;"">BLUE</span>, <br>3 for <span style=""color:green;"">GREEN</span>, and <br>4 for <span style=""color:brown;"">BROWN</span>","word",400,NA,"1 2 3 4",8,NA,NA,NA,NA,"175%","black","common","color",5.26,5,"common_color","incongruent",1,400,24,16.67,229287,"3",1273,1,NA
"464","5",24,"test","BLACK","stim1: black",1,"critical","congruent",NA,"Press 1 for BLACK, <br>2 for <span style=""color:blue;"">BLUE</span>, <br>3 for <span style=""color:green;"">GREEN</span>, and <br>4 for <span style=""color:brown;"">BROWN</span>","word",400,NA,"1 2 3 4",8,NA,NA,NA,NA,"175%","black","common","color",5.26,5,"common_color","congruent",1,400,24,16.67,230955,"1",1274,1,NA
"465","5",21,"test","AQUA","stim1: brown",4,"filler","control",NA,"Press 1 for BLACK, <br>2 for <span style=""color:blue;"">BLUE</span>, <br>3 for <span style=""color:green;"">GREEN</span>, and <br>4 for <span style=""color:brown;"">BROWN</span>","word",400,NA,"1 2 3 4",8,NA,NA,NA,NA,"175%","aqua","rare","color",2.98,4,"rare_color","control",2,400,24,16.67,232580,"4",1232,1,NA
"466","5",28,"test","BLACK","stim1: brown",4,"critical","incongruent",NA,"Press 1 for BLACK, <br>2 for <span style=""color:blue;"">BLUE</span>, <br>3 for <span style=""color:green;"">GREEN</span>, and <br>4 for <span style=""color:brown;"">BROWN</span>","word",400,NA,"1 2 3 4",8,NA,NA,NA,NA,"175%","black","common","color",5.26,5,"common_color","incongruent",1,400,24,16.67,233723,"4",742,1,NA
"467","5",56,"test","MAUVE","stim1: black",1,"filler","control",NA,"Press 1 for BLACK, <br>2 for <span style=""color:blue;"">BLUE</span>, <br>3 for <span style=""color:green;"">GREEN</span>, and <br>4 for <span style=""color:brown;"">BROWN</span>","word",400,NA,"1 2 3 4",8,NA,NA,NA,NA,"175%","mauve","rare","color",2.71,5,"rare_color","control",1,400,24,16.67,234958,"1",843,1,NA
"468","5",65,"test","OCHRE","stim1: black",1,"filler","control",NA,"Press 1 for BLACK, <br>2 for <span style=""color:blue;"">BLUE</span>, <br>3 for <span style=""color:green;"">GREEN</span>, and <br>4 for <span style=""color:brown;"">BROWN</span>","word",400,NA,"1 2 3 4",8,NA,NA,NA,NA,"175%","ochre","rare","color",2.77,5,"rare_color","control",2,400,24,16.67,236104,"1",756,1,NA
"469","5",33,"test","BLUE","stim1: black",1,"critical","incongruent",NA,"Press 1 for BLACK, <br>2 for <span style=""color:blue;"">BLUE</span>, <br>3 for <span style=""color:green;"">GREEN</span>, and <br>4 for <span style=""color:brown;"">BROWN</span>","word",400,NA,"1 2 3 4",8,NA,NA,NA,NA,"175%","blue","common","color",5.16,4,"common_color","incongruent",2,400,24,16.67,237115,"1",617,1,NA
"470","5",55,"test","GREEN","stim1: green",3,"critical","congruent",NA,"Press 1 for BLACK, <br>2 for <span style=""color:blue;"">BLUE</span>, <br>3 for <span style=""color:green;"">GREEN</span>, and <br>4 for <span style=""color:brown;"">BROWN</span>","word",400,NA,"1 2 3 4",8,NA,NA,NA,NA,"175%","green","common","color",5.22,5,"common_color","congruent",2,400,24,16.67,239046,"3",1532,1,NA
"471","5",19,"test","AQUA","stim1: blue",2,"filler","control",NA,"Press 1 for BLACK, <br>2 for <span style=""color:blue;"">BLUE</span>, <br>3 for <span style=""color:green;"">GREEN</span>, and <br>4 for <span style=""color:brown;"">BROWN</span>","word",400,NA,"1 2 3 4",8,NA,NA,NA,NA,"175%","aqua","rare","color",2.98,4,"rare_color","control",2,400,24,16.67,240568,"2",1120,1,NA
"472","5",75,"test","SEPIA","stim1: blue",2,"filler","control",NA,"Press 1 for BLACK, <br>2 for <span style=""color:blue;"">BLUE</span>, <br>3 for <span style=""color:green;"">GREEN</span>, and <br>4 for <span style=""color:brown;"">BROWN</span>","word",400,NA,"1 2 3 4",8,NA,NA,NA,NA,"175%","sepia","rare","color",2.38,5,"rare_color","control",2,400,24,16.67,242042,"2",1077,1,NA
"473","5",99,"test","NYMPH","stim1: green",3,"filler","control",NA,"Press 1 for BLACK, <br>2 for <span style=""color:blue;"">BLUE</span>, <br>3 for <span style=""color:green;"">GREEN</span>, and <br>4 for <span style=""color:brown;"">BROWN</span>","word",400,NA,"1 2 3 4",8,NA,NA,NA,NA,"175%","nymph","rare","noncolor",2.72,5,"rare_noncolor","control",NA,400,24,16.67,244130,"3",1699,1,NA
"474","5",46,"test","BROWN","stim1: green",3,"critical","incongruent",NA,"Press 1 for BLACK, <br>2 for <span style=""color:blue;"">BLUE</span>, <br>3 for <span style=""color:green;"">GREEN</span>, and <br>4 for <span style=""color:brown;"">BROWN</span>","word",400,NA,"1 2 3 4",8,NA,NA,NA,NA,"175%","brown","common","color",5.01,5,"common_color","incongruent",1,400,24,16.67,249408,"3",4877,1,NA
"475","5",111,"test","TUSK","stim1: green",3,"filler","control",NA,"Press 1 for BLACK, <br>2 for <span style=""color:blue;"">BLUE</span>, <br>3 for <span style=""color:green;"">GREEN</span>, and <br>4 for <span style=""color:brown;"">BROWN</span>","word",400,NA,"1 2 3 4",8,NA,NA,NA,NA,"175%","tusk","rare","noncolor",3,4,"rare_noncolor","control",NA,400,24,16.67,251777,"3",1979,1,NA
"476","5",62,"test","MAUVE","stim1: green",3,"filler","control",NA,"Press 1 for BLACK, <br>2 for <span style=""color:blue;"">BLUE</span>, <br>3 for <span style=""color:green;"">GREEN</span>, and <br>4 for <span style=""color:brown;"">BROWN</span>","word",400,NA,"1 2 3 4",8,NA,NA,NA,NA,"175%","mauve","rare","color",2.71,5,"rare_color","control",1,400,24,16.67,253731,"3",1566,1,NA
"477","5",83,"test","APEX","stim1: green",3,"filler","control",NA,"Press 1 for BLACK, <br>2 for <span style=""color:blue;"">BLUE</span>, <br>3 for <span style=""color:green;"">GREEN</span>, and <br>4 for <span style=""color:brown;"">BROWN</span>","word",400,NA,"1 2 3 4",8,NA,NA,NA,NA,"175%","apex","rare","noncolor",2.96,4,"rare_noncolor","control",NA,400,24,16.67,255101,"3",970,1,NA
"478","5",91,"test","FAST","stim1: green",3,"filler","control",NA,"Press 1 for BLACK, <br>2 for <span style=""color:blue;"">BLUE</span>, <br>3 for <span style=""color:green;"">GREEN</span>, and <br>4 for <span style=""color:brown;"">BROWN</span>","word",400,NA,"1 2 3 4",8,NA,NA,NA,NA,"175%","fast","common","noncolor",5.09,4,"common_noncolor","control",NA,400,24,16.67,256236,"3",739,1,NA
"479","5",104,"test","SMALL","stim1: black",1,"filler","control",NA,"Press 1 for BLACK, <br>2 for <span style=""color:blue;"">BLUE</span>, <br>3 for <span style=""color:green;"">GREEN</span>, and <br>4 for <span style=""color:brown;"">BROWN</span>","word",400,NA,"1 2 3 4",8,NA,NA,NA,NA,"175%","small","common","noncolor",5.43,5,"common_noncolor","control",NA,400,24,16.67,257530,"1",899,1,NA
"480","5",25,"test","BLACK","stim1: black",1,"critical","congruent",NA,"Press 1 for BLACK, <br>2 for <span style=""color:blue;"">BLUE</span>, <br>3 for <span style=""color:green;"">GREEN</span>, and <br>4 for <span style=""color:brown;"">BROWN</span>","word",400,NA,"1 2 3 4",8,NA,NA,NA,NA,"175%","black","common","color",5.26,5,"common_color","congruent",2,399,24,16.63,258652,"1",722,1,NA
"481","5",59,"test","MAUVE","stim1: blue",2,"filler","control",NA,"Press 1 for BLACK, <br>2 for <span style=""color:blue;"">BLUE</span>, <br>3 for <span style=""color:green;"">GREEN</span>, and <br>4 for <span style=""color:brown;"">BROWN</span>","word",400,NA,"1 2 3 4",8,NA,NA,NA,NA,"175%","mauve","rare","color",2.71,5,"rare_color","control",2,400,24,16.67,260409,"2",1361,1,NA
"482","5",105,"test","SMALL","stim1: blue",2,"filler","control",NA,"Press 1 for BLACK, <br>2 for <span style=""color:blue;"">BLUE</span>, <br>3 for <span style=""color:green;"">GREEN</span>, and <br>4 for <span style=""color:brown;"">BROWN</span>","word",400,NA,"1 2 3 4",8,NA,NA,NA,NA,"175%","small","common","noncolor",5.43,5,"common_noncolor","control",NA,400,24,16.67,261562,"2",765,1,NA
"483","5",42,"test","BROWN","stim1: blue",2,"critical","incongruent",NA,"Press 1 for BLACK, <br>2 for <span style=""color:blue;"">BLUE</span>, <br>3 for <span style=""color:green;"">GREEN</span>, and <br>4 for <span style=""color:brown;"">BROWN</span>","word",400,NA,"1 2 3 4",8,NA,NA,NA,NA,"175%","brown","common","color",5.01,5,"common_color","incongruent",1,400,24,16.67,263367,"2",1419,1,NA
"484","5",70,"test","OCHRE","stim1: green",3,"filler","control",NA,"Press 1 for BLACK, <br>2 for <span style=""color:blue;"">BLUE</span>, <br>3 for <span style=""color:green;"">GREEN</span>, and <br>4 for <span style=""color:brown;"">BROWN</span>","word",400,NA,"1 2 3 4",8,NA,NA,NA,NA,"175%","ochre","rare","color",2.77,5,"rare_color","control",1,399,24,16.63,267614,"3",3851,1,NA
"485","5",50,"test","GREEN","stim1: blue",2,"critical","incongruent",NA,"Press 1 for BLACK, <br>2 for <span style=""color:blue;"">BLUE</span>, <br>3 for <span style=""color:green;"">GREEN</span>, and <br>4 for <span style=""color:brown;"">BROWN</span>","word",400,NA,"1 2 3 4",8,NA,NA,NA,NA,"175%","green","common","color",5.22,5,"common_color","incongruent",1,400,24,16.67,269750,"2",1737,1,NA
"486","5",47,"test","BROWN","stim1: green",3,"critical","incongruent",NA,"Press 1 for BLACK, <br>2 for <span style=""color:blue;"">BLUE</span>, <br>3 for <span style=""color:green;"">GREEN</span>, and <br>4 for <span style=""color:brown;"">BROWN</span>","word",400,NA,"1 2 3 4",8,NA,NA,NA,NA,"175%","brown","common","color",5.01,5,"common_color","incongruent",2,400,24,16.67,271238,"4",1090,0,NA
"487","5",107,"test","SMALL","stim1: green",3,"filler","control",NA,"Press 1 for BLACK, <br>2 for <span style=""color:blue;"">BLUE</span>, <br>3 for <span style=""color:green;"">GREEN</span>, and <br>4 for <span style=""color:brown;"">BROWN</span>","word",400,NA,"1 2 3 4",8,NA,NA,NA,NA,"175%","small","common","noncolor",5.43,5,"common_noncolor","control",NA,400,24,16.67,274121,"3",2490,1,NA
"488","5",58,"test","MAUVE","stim1: blue",2,"filler","control",NA,"Press 1 for BLACK, <br>2 for <span style=""color:blue;"">BLUE</span>, <br>3 for <span style=""color:green;"">GREEN</span>, and <br>4 for <span style=""color:brown;"">BROWN</span>","word",400,NA,"1 2 3 4",8,NA,NA,NA,NA,"175%","mauve","rare","color",2.71,5,"rare_color","control",1,400,24,16.67,275579,"2",1065,1,NA
"489","5",44,"test","BROWN","stim1: brown",4,"critical","congruent",NA,"Press 1 for BLACK, <br>2 for <span style=""color:blue;"">BLUE</span>, <br>3 for <span style=""color:green;"">GREEN</span>, and <br>4 for <span style=""color:brown;"">BROWN</span>","word",400,NA,"1 2 3 4",8,NA,NA,NA,NA,"175%","brown","common","color",5.01,5,"common_color","congruent",1,400,24,16.67,277566,"4",1585,1,NA
"490","5",37,"test","BLUE","stim1: brown",4,"critical","incongruent",NA,"Press 1 for BLACK, <br>2 for <span style=""color:blue;"">BLUE</span>, <br>3 for <span style=""color:green;"">GREEN</span>, and <br>4 for <span style=""color:brown;"">BROWN</span>","word",400,NA,"1 2 3 4",8,NA,NA,NA,NA,"175%","blue","common","color",5.16,4,"common_color","incongruent",2,400,24,16.67,279945,"4",1981,1,NA
"491","5",96,"test","NYMPH","stim1: black",1,"filler","control",NA,"Press 1 for BLACK, <br>2 for <span style=""color:blue;"">BLUE</span>, <br>3 for <span style=""color:green;"">GREEN</span>, and <br>4 for <span style=""color:brown;"">BROWN</span>","word",400,NA,"1 2 3 4",8,NA,NA,NA,NA,"175%","nymph","rare","noncolor",2.72,5,"rare_noncolor","control",NA,400,24,16.67,281347,"1",1016,1,NA
"492","5",31,"test","BLACK","stim1: green",3,"critical","incongruent",NA,"Press 1 for BLACK, <br>2 for <span style=""color:blue;"">BLUE</span>, <br>3 for <span style=""color:green;"">GREEN</span>, and <br>4 for <span style=""color:brown;"">BROWN</span>","word",400,NA,"1 2 3 4",8,NA,NA,NA,NA,"175%","black","common","color",5.26,5,"common_color","incongruent",2,400,24,16.67,283335,"3",1587,1,NA
"493","5",52,"test","GREEN","stim1: brown",4,"critical","incongruent",NA,"Press 1 for BLACK, <br>2 for <span style=""color:blue;"">BLUE</span>, <br>3 for <span style=""color:green;"">GREEN</span>, and <br>4 for <span style=""color:brown;"">BROWN</span>","word",400,NA,"1 2 3 4",8,NA,NA,NA,NA,"175%","green","common","color",5.22,5,"common_color","incongruent",1,400,24,16.67,285619,"4",1888,1,NA
"494","5",102,"test","SLOW","stim1: brown",4,"filler","control",NA,"Press 1 for BLACK, <br>2 for <span style=""color:blue;"">BLUE</span>, <br>3 for <span style=""color:green;"">GREEN</span>, and <br>4 for <span style=""color:brown;"">BROWN</span>","word",400,NA,"1 2 3 4",8,NA,NA,NA,NA,"175%","slow","common","noncolor",4.81,4,"common_noncolor","control",NA,400,24,16.67,286874,"4",860,1,NA
"495","5",36,"test","BLUE","stim1: brown",4,"critical","incongruent",NA,"Press 1 for BLACK, <br>2 for <span style=""color:blue;"">BLUE</span>, <br>3 for <span style=""color:green;"">GREEN</span>, and <br>4 for <span style=""color:brown;"">BROWN</span>","word",400,NA,"1 2 3 4",8,NA,NA,NA,NA,"175%","blue","common","color",5.16,4,"common_color","incongruent",1,400,24,16.67,287733,"4",469,1,NA
"496","5",49,"test","GREEN","stim1: black",1,"critical","incongruent",NA,"Press 1 for BLACK, <br>2 for <span style=""color:blue;"">BLUE</span>, <br>3 for <span style=""color:green;"">GREEN</span>, and <br>4 for <span style=""color:brown;"">BROWN</span>","word",400,NA,"1 2 3 4",8,NA,NA,NA,NA,"175%","green","common","color",5.22,5,"common_color","incongruent",2,401,24,16.71,289416,"1",1285,1,NA
"497","5",35,"test","BLUE","stim1: blue",2,"critical","congruent",NA,"Press 1 for BLACK, <br>2 for <span style=""color:blue;"">BLUE</span>, <br>3 for <span style=""color:green;"">GREEN</span>, and <br>4 for <span style=""color:brown;"">BROWN</span>","word",400,NA,"1 2 3 4",8,NA,NA,NA,NA,"175%","blue","common","color",5.16,4,"common_color","congruent",2,400,24,16.67,290835,"2",1020,1,NA
"498","5",26,"test","BLACK","stim1: blue",2,"critical","incongruent",NA,"Press 1 for BLACK, <br>2 for <span style=""color:blue;"">BLUE</span>, <br>3 for <span style=""color:green;"">GREEN</span>, and <br>4 for <span style=""color:brown;"">BROWN</span>","word",400,NA,"1 2 3 4",8,NA,NA,NA,NA,"175%","black","common","color",5.26,5,"common_color","incongruent",1,400,24,16.67,292566,"2",1335,1,NA
"499","5",110,"test","TUSK","stim1: brown",4,"filler","control",NA,"Press 1 for BLACK, <br>2 for <span style=""color:blue;"">BLUE</span>, <br>3 for <span style=""color:green;"">GREEN</span>, and <br>4 for <span style=""color:brown;"">BROWN</span>","word",400,NA,"1 2 3 4",8,NA,NA,NA,NA,"175%","tusk","rare","noncolor",3,4,"rare_noncolor","control",NA,400,24,16.67,294549,"4",1585,1,NA
"500","5",22,"test","AQUA","stim1: green",3,"filler","control",NA,"Press 1 for BLACK, <br>2 for <span style=""color:blue;"">BLUE</span>, <br>3 for <span style=""color:green;"">GREEN</span>, and <br>4 for <span style=""color:brown;"">BROWN</span>","word",400,NA,"1 2 3 4",8,NA,NA,NA,NA,"175%","aqua","rare","color",2.98,4,"rare_color","control",1,400,24,16.67,296299,"3",1351,1,NA
"501","5",54,"test","GREEN","stim1: green",3,"critical","congruent",NA,"Press 1 for BLACK, <br>2 for <span style=""color:blue;"">BLUE</span>, <br>3 for <span style=""color:green;"">GREEN</span>, and <br>4 for <span style=""color:brown;"">BROWN</span>","word",400,NA,"1 2 3 4",8,NA,NA,NA,NA,"175%","green","common","color",5.22,5,"common_color","congruent",1,400,24,16.67,297377,"3",679,1,NA
"502","5",94,"test","IRK","stim1: brown",4,"filler","control",NA,"Press 1 for BLACK, <br>2 for <span style=""color:blue;"">BLUE</span>, <br>3 for <span style=""color:green;"">GREEN</span>, and <br>4 for <span style=""color:brown;"">BROWN</span>","word",400,NA,"1 2 3 4",8,NA,NA,NA,NA,"175%","irk","rare","noncolor",1.95,3,"rare_noncolor","control",NA,400,24,16.67,299115,"4",1351,1,NA
"503","5",79,"test","SEPIA","stim1: green",3,"filler","control",NA,"Press 1 for BLACK, <br>2 for <span style=""color:blue;"">BLUE</span>, <br>3 for <span style=""color:green;"">GREEN</span>, and <br>4 for <span style=""color:brown;"">BROWN</span>","word",400,NA,"1 2 3 4",8,NA,NA,NA,NA,"175%","sepia","rare","color",2.38,5,"rare_color","control",2,399,24,16.63,300649,"3",1136,1,NA
"504","5",95,"test","IRK","stim1: green",3,"filler","control",NA,"Press 1 for BLACK, <br>2 for <span style=""color:blue;"">BLUE</span>, <br>3 for <span style=""color:green;"">GREEN</span>, and <br>4 for <span style=""color:brown;"">BROWN</span>","word",400,NA,"1 2 3 4",8,NA,NA,NA,NA,"175%","irk","rare","noncolor",1.95,3,"rare_noncolor","control",NA,400,24,16.67,303246,"3",2198,1,NA
"505","5",72,"test","SEPIA","stim1: black",1,"filler","control",NA,"Press 1 for BLACK, <br>2 for <span style=""color:blue;"">BLUE</span>, <br>3 for <span style=""color:green;"">GREEN</span>, and <br>4 for <span style=""color:brown;"">BROWN</span>","word",400,NA,"1 2 3 4",8,NA,NA,NA,NA,"175%","sepia","rare","color",2.38,5,"rare_color","control",1,400,24,16.67,304868,"1",1220,1,NA
"506","5",108,"test","TUSK","stim1: black",1,"filler","control",NA,"Press 1 for BLACK, <br>2 for <span style=""color:blue;"">BLUE</span>, <br>3 for <span style=""color:green;"">GREEN</span>, and <br>4 for <span style=""color:brown;"">BROWN</span>","word",400,NA,"1 2 3 4",8,NA,NA,NA,NA,"175%","tusk","rare","noncolor",3,4,"rare_noncolor","control",NA,400,24,16.67,305839,"1",574,1,NA
"507","5",101,"test","SLOW","stim1: blue",2,"filler","control",NA,"Press 1 for BLACK, <br>2 for <span style=""color:blue;"">BLUE</span>, <br>3 for <span style=""color:green;"">GREEN</span>, and <br>4 for <span style=""color:brown;"">BROWN</span>","word",400,NA,"1 2 3 4",8,NA,NA,NA,NA,"175%","slow","common","noncolor",4.81,4,"common_noncolor","control",NA,400,24,16.67,307254,"2",1023,1,NA
"508","5",103,"test","SLOW","stim1: green",3,"filler","control",NA,"Press 1 for BLACK, <br>2 for <span style=""color:blue;"">BLUE</span>, <br>3 for <span style=""color:green;"">GREEN</span>, and <br>4 for <span style=""color:brown;"">BROWN</span>","word",400,NA,"1 2 3 4",8,NA,NA,NA,NA,"175%","slow","common","noncolor",4.81,4,"common_noncolor","control",NA,400,24,16.67,309146,"3",1498,1,NA
"509","5",40,"test","BROWN","stim1: black",1,"critical","incongruent",NA,"Press 1 for BLACK, <br>2 for <span style=""color:blue;"">BLUE</span>, <br>3 for <span style=""color:green;"">GREEN</span>, and <br>4 for <span style=""color:brown;"">BROWN</span>","word",400,NA,"1 2 3 4",8,NA,NA,NA,NA,"175%","brown","common","color",5.01,5,"common_color","incongruent",1,400,24,16.67,311049,"1",1502,1,NA
"510","5",69,"test","OCHRE","stim1: brown",4,"filler","control",NA,"Press 1 for BLACK, <br>2 for <span style=""color:blue;"">BLUE</span>, <br>3 for <span style=""color:green;"">GREEN</span>, and <br>4 for <span style=""color:brown;"">BROWN</span>","word",400,NA,"1 2 3 4",8,NA,NA,NA,NA,"175%","ochre","rare","color",2.77,5,"rare_color","control",2,400,24,16.67,312998,"4",1550,1,NA
"511","5",82,"test","APEX","stim1: brown",4,"filler","control",NA,"Press 1 for BLACK, <br>2 for <span style=""color:blue;"">BLUE</span>, <br>3 for <span style=""color:green;"">GREEN</span>, and <br>4 for <span style=""color:brown;"">BROWN</span>","word",400,NA,"1 2 3 4",8,NA,NA,NA,NA,"175%","apex","rare","noncolor",2.96,4,"rare_noncolor","control",NA,400,24,16.67,315096,"4",1698,1,NA
"512","5",23,"test","AQUA","stim1: green",3,"filler","control",NA,"Press 1 for BLACK, <br>2 for <span style=""color:blue;"">BLUE</span>, <br>3 for <span style=""color:green;"">GREEN</span>, and <br>4 for <span style=""color:brown;"">BROWN</span>","word",400,NA,"1 2 3 4",8,NA,NA,NA,NA,"175%","aqua","rare","color",2.98,4,"rare_color","control",2,400,24,16.67,317813,"3",2317,1,NA
"513","5",60,"test","MAUVE","stim1: brown",4,"filler","control",NA,"Press 1 for BLACK, <br>2 for <span style=""color:blue;"">BLUE</span>, <br>3 for <span style=""color:green;"">GREEN</span>, and <br>4 for <span style=""color:brown;"">BROWN</span>","word",400,NA,"1 2 3 4",8,NA,NA,NA,NA,"175%","mauve","rare","color",2.71,5,"rare_color","control",1,400,24,16.67,319155,"4",940,1,NA
"514","5",93,"test","IRK","stim1: blue",2,"filler","control",NA,"Press 1 for BLACK, <br>2 for <span style=""color:blue;"">BLUE</span>, <br>3 for <span style=""color:green;"">GREEN</span>, and <br>4 for <span style=""color:brown;"">BROWN</span>","word",400,NA,"1 2 3 4",8,NA,NA,NA,NA,"175%","irk","rare","noncolor",1.95,3,"rare_noncolor","control",NA,400,24,16.67,320493,"2",946,1,NA
"515","5",41,"test","BROWN","stim1: black",1,"critical","incongruent",NA,"Press 1 for BLACK, <br>2 for <span style=""color:blue;"">BLUE</span>, <br>3 for <span style=""color:green;"">GREEN</span>, and <br>4 for <span style=""color:brown;"">BROWN</span>","word",400,NA,"1 2 3 4",8,NA,NA,NA,NA,"175%","brown","common","color",5.01,5,"common_color","incongruent",2,401,24,16.71,322196,"1",1315,1,NA
"516","5",74,"test","SEPIA","stim1: blue",2,"filler","control",NA,"Press 1 for BLACK, <br>2 for <span style=""color:blue;"">BLUE</span>, <br>3 for <span style=""color:green;"">GREEN</span>, and <br>4 for <span style=""color:brown;"">BROWN</span>","word",400,NA,"1 2 3 4",8,NA,NA,NA,NA,"175%","sepia","rare","color",2.38,5,"rare_color","control",1,399,24,16.63,323488,"2",891,1,NA
"517","5",66,"test","OCHRE","stim1: blue",2,"filler","control",NA,"Press 1 for BLACK, <br>2 for <span style=""color:blue;"">BLUE</span>, <br>3 for <span style=""color:green;"">GREEN</span>, and <br>4 for <span style=""color:brown;"">BROWN</span>","word",400,NA,"1 2 3 4",8,NA,NA,NA,NA,"175%","ochre","rare","color",2.77,5,"rare_color","control",1,399,24,16.63,324591,"2",711,1,NA
"518","5",80,"test","APEX","stim1: black",1,"filler","control",NA,"Press 1 for BLACK, <br>2 for <span style=""color:blue;"">BLUE</span>, <br>3 for <span style=""color:green;"">GREEN</span>, and <br>4 for <span style=""color:brown;"">BROWN</span>","word",400,NA,"1 2 3 4",8,NA,NA,NA,NA,"175%","apex","rare","noncolor",2.96,4,"rare_noncolor","control",NA,401,24,16.71,325792,"1",811,1,NA
"519","5",73,"test","SEPIA","stim1: black",1,"filler","control",NA,"Press 1 for BLACK, <br>2 for <span style=""color:blue;"">BLUE</span>, <br>3 for <span style=""color:green;"">GREEN</span>, and <br>4 for <span style=""color:brown;"">BROWN</span>","word",400,NA,"1 2 3 4",8,NA,NA,NA,NA,"175%","sepia","rare","color",2.38,5,"rare_color","control",2,401,24,16.71,326889,"1",708,1,NA
"520","5",85,"test","BIG","stim1: blue",2,"filler","control",NA,"Press 1 for BLACK, <br>2 for <span style=""color:blue;"">BLUE</span>, <br>3 for <span style=""color:green;"">GREEN</span>, and <br>4 for <span style=""color:brown;"">BROWN</span>","word",400,NA,"1 2 3 4",8,NA,NA,NA,NA,"175%","big","common","noncolor",5.94,3,"common_noncolor","control",NA,399,24,16.63,328238,"2",957,1,NA
"521","5",90,"test","FAST","stim1: brown",4,"filler","control",NA,"Press 1 for BLACK, <br>2 for <span style=""color:blue;"">BLUE</span>, <br>3 for <span style=""color:green;"">GREEN</span>, and <br>4 for <span style=""color:brown;"">BROWN</span>","word",400,NA,"1 2 3 4",8,NA,NA,NA,NA,"175%","fast","common","noncolor",5.09,4,"common_noncolor","control",NA,400,24,16.67,329909,"4",1278,1,NA
"522","5",77,"test","SEPIA","stim1: brown",4,"filler","control",NA,"Press 1 for BLACK, <br>2 for <span style=""color:blue;"">BLUE</span>, <br>3 for <span style=""color:green;"">GREEN</span>, and <br>4 for <span style=""color:brown;"">BROWN</span>","word",400,NA,"1 2 3 4",8,NA,NA,NA,NA,"175%","sepia","rare","color",2.38,5,"rare_color","control",2,401,24,16.71,331226,"4",928,1,NA
"523","5",88,"test","FAST","stim1: black",1,"filler","control",NA,"Press 1 for BLACK, <br>2 for <span style=""color:blue;"">BLUE</span>, <br>3 for <span style=""color:green;"">GREEN</span>, and <br>4 for <span style=""color:brown;"">BROWN</span>","word",400,NA,"1 2 3 4",8,NA,NA,NA,NA,"175%","fast","common","noncolor",5.09,4,"common_noncolor","control",NA,399,24,16.63,332372,"1",759,1,NA
"524","5",27,"test","BLACK","stim1: blue",2,"critical","incongruent",NA,"Press 1 for BLACK, <br>2 for <span style=""color:blue;"">BLUE</span>, <br>3 for <span style=""color:green;"">GREEN</span>, and <br>4 for <span style=""color:brown;"">BROWN</span>","word",400,NA,"1 2 3 4",8,NA,NA,NA,NA,"175%","black","common","color",5.26,5,"common_color","incongruent",2,400,24,16.67,333762,"2",998,1,NA
"525","5",51,"test","GREEN","stim1: blue",2,"critical","incongruent",NA,"Press 1 for BLACK, <br>2 for <span style=""color:blue;"">BLUE</span>, <br>3 for <span style=""color:green;"">GREEN</span>, and <br>4 for <span style=""color:brown;"">BROWN</span>","word",400,NA,"1 2 3 4",8,NA,NA,NA,NA,"175%","green","common","color",5.22,5,"common_color","incongruent",2,400,24,16.67,334941,"2",793,1,NA
"526","5",20,"test","AQUA","stim1: brown",4,"filler","control",NA,"Press 1 for BLACK, <br>2 for <span style=""color:blue;"">BLUE</span>, <br>3 for <span style=""color:green;"">GREEN</span>, and <br>4 for <span style=""color:brown;"">BROWN</span>","word",400,NA,"1 2 3 4",8,NA,NA,NA,NA,"175%","aqua","rare","color",2.98,4,"rare_color","control",1,401,24,16.71,336768,"4",1437,1,NA
"527","5",98,"test","NYMPH","stim1: brown",4,"filler","control",NA,"Press 1 for BLACK, <br>2 for <span style=""color:blue;"">BLUE</span>, <br>3 for <span style=""color:green;"">GREEN</span>, and <br>4 for <span style=""color:brown;"">BROWN</span>","word",400,NA,"1 2 3 4",8,NA,NA,NA,NA,"175%","nymph","rare","noncolor",2.72,5,"rare_noncolor","control",NA,400,24,16.67,337810,"4",646,1,NA
"528","5",29,"test","BLACK","stim1: brown",4,"critical","incongruent",NA,"Press 1 for BLACK, <br>2 for <span style=""color:blue;"">BLUE</span>, <br>3 for <span style=""color:green;"">GREEN</span>, and <br>4 for <span style=""color:brown;"">BROWN</span>","word",400,NA,"1 2 3 4",8,NA,NA,NA,NA,"175%","black","common","color",5.26,5,"common_color","incongruent",2,400,24,16.67,338721,"4",523,1,NA
"529","5",39,"test","BLUE","stim1: green",3,"critical","incongruent",NA,"Press 1 for BLACK, <br>2 for <span style=""color:blue;"">BLUE</span>, <br>3 for <span style=""color:green;"">GREEN</span>, and <br>4 for <span style=""color:brown;"">BROWN</span>","word",400,NA,"1 2 3 4",8,NA,NA,NA,NA,"175%","blue","common","color",5.16,4,"common_color","incongruent",2,400,24,16.67,340610,"3",1496,1,NA
"530","5",61,"test","MAUVE","stim1: brown",4,"filler","control",NA,"Press 1 for BLACK, <br>2 for <span style=""color:blue;"">BLUE</span>, <br>3 for <span style=""color:green;"">GREEN</span>, and <br>4 for <span style=""color:brown;"">BROWN</span>","word",400,NA,"1 2 3 4",8,NA,NA,NA,NA,"175%","mauve","rare","color",2.71,5,"rare_color","control",2,400,24,16.67,342499,"4",1502,1,NA
"531","5",32,"test","BLUE","stim1: black",1,"critical","incongruent",NA,"Press 1 for BLACK, <br>2 for <span style=""color:blue;"">BLUE</span>, <br>3 for <span style=""color:green;"">GREEN</span>, and <br>4 for <span style=""color:brown;"">BROWN</span>","word",400,NA,"1 2 3 4",8,NA,NA,NA,NA,"175%","blue","common","color",5.16,4,"common_color","incongruent",1,400,24,16.67,343691,"1",793,1,NA
"532","5",63,"test","MAUVE","stim1: green",3,"filler","control",NA,"Press 1 for BLACK, <br>2 for <span style=""color:blue;"">BLUE</span>, <br>3 for <span style=""color:green;"">GREEN</span>, and <br>4 for <span style=""color:brown;"">BROWN</span>","word",400,NA,"1 2 3 4",8,NA,NA,NA,NA,"175%","mauve","rare","color",2.71,5,"rare_color","control",2,400,24,16.67,344821,"4",740,0,NA
"533","5",57,"test","MAUVE","stim1: black",1,"filler","control",NA,"Press 1 for BLACK, <br>2 for <span style=""color:blue;"">BLUE</span>, <br>3 for <span style=""color:green;"">GREEN</span>, and <br>4 for <span style=""color:brown;"">BROWN</span>","word",400,NA,"1 2 3 4",8,NA,NA,NA,NA,"175%","mauve","rare","color",2.71,5,"rare_color","control",2,400,24,16.67,346777,"1",1563,1,NA
"534","5",53,"test","GREEN","stim1: brown",4,"critical","incongruent",NA,"Press 1 for BLACK, <br>2 for <span style=""color:blue;"">BLUE</span>, <br>3 for <span style=""color:green;"">GREEN</span>, and <br>4 for <span style=""color:brown;"">BROWN</span>","word",400,NA,"1 2 3 4",8,NA,NA,NA,NA,"175%","green","common","color",5.22,5,"common_color","incongruent",2,399,24,16.63,347899,"4",736,1,NA
"535","5",16,"test","AQUA","stim1: black",1,"filler","control",NA,"Press 1 for BLACK, <br>2 for <span style=""color:blue;"">BLUE</span>, <br>3 for <span style=""color:green;"">GREEN</span>, and <br>4 for <span style=""color:brown;"">BROWN</span>","word",400,NA,"1 2 3 4",8,NA,NA,NA,NA,"175%","aqua","rare","color",2.98,4,"rare_color","control",1,400,24,16.67,349800,"1",1502,1,NA
"536","6",3,"form",NA,NA,0,NA,NA,NA,NA,NA,0,"NEXT",NA,2,1,"What is your English language READING ability?","radio","Native Speaker;High Proficiency (CEFR C1-C2);Intermediate Proficiency (CEFR B1-B2);Low Proficiency (CEFR A1-A2);No proficiency:exclusive","175%",NA,NA,NA,NA,NA,NA,NA,NA,NA,NA,NA,55518,"Native Speaker",13916,0,1
"537","6",4,"form",NA,NA,0,NA,NA,NA,NA,NA,0,NA,NA,3,1,"What is your Standard Mandarin (普通话) language READING ability?","radio","Native Speaker;High Proficiency (CEFR C1-C2);Intermediate Proficiency (CEFR B1-B2);Low Proficiency (CEFR A1-A2);No proficiency:exclusive","175%",NA,NA,NA,NA,NA,NA,NA,NA,NA,NA,NA,55518,"No proficiency",13916,0,5
"538","6",5,"form",NA,NA,0,NA,NA,NA,NA,NA,0,NA,NA,4,NA,"Are you proficient in or learning any other foreign languages? (Please include the name of the language and your proficiency self-assessment.)","box",NA,"175%",NA,NA,NA,NA,NA,NA,NA,NA,NA,NA,NA,55518,"Intermediate French",13916,0,NA
"539","6",7,"test","BLACK","stim1: black",1,"practice",NA,"correct: Correct! You responded in %RT% ms ; incorrect: Incorrect! The font color was  BLACK. You responded in %RT% ms","Press 1 for BLACK, <br>2 for <span style=""color:blue;"">BLUE</span>, <br>3 for <span style=""color:green;"">GREEN</span>, and <br>4 for <span style=""color:brown;"">BROWN</span>","word",400,NA,"1 2 3 4",6,NA,NA,NA,NA,"175%",NA,NA,NA,NA,NA,NA,NA,NA,403,58,6.95,61250,"1",1563,1,NA
"540","6",9,"test","BLUE","stim1: blue",2,"practice",NA,"correct: Correct! You responded in %RT% ms ; incorrect: Incorrect! The font color was  BLUE. You responded in %RT% ms","Press 1 for BLACK, <br>2 for <span style=""color:blue;"">BLUE</span>, <br>3 for <span style=""color:green;"">GREEN</span>, and <br>4 for <span style=""color:brown;"">BROWN</span>","word",400,NA,"1 2 3 4",6,NA,NA,NA,NA,"175%",NA,NA,NA,NA,NA,NA,NA,NA,403,58,6.94,63993,"2",754,1,NA
"541","6",12,"test","SEPIA","stim1: green",3,"practice",NA,"correct: Correct! You responded in %RT% ms ; incorrect: Incorrect! The font color was  GREEN. You responded in %RT% ms","Press 1 for BLACK, <br>2 for <span style=""color:blue;"">BLUE</span>, <br>3 for <span style=""color:green;"">GREEN</span>, and <br>4 for <span style=""color:brown;"">BROWN</span>","word",400,NA,"1 2 3 4",6,NA,NA,NA,NA,"175%",NA,NA,NA,NA,NA,NA,NA,NA,403,58,6.94,65965,"3",442,1,NA
"542","6",10,"test","BROWN","stim1: green",3,"practice",NA,"correct: Correct! You responded in %RT% ms ; incorrect: Incorrect! The font color was  GREEN. You responded in %RT% ms","Press 1 for BLACK, <br>2 for <span style=""color:blue;"">BLUE</span>, <br>3 for <span style=""color:green;"">GREEN</span>, and <br>4 for <span style=""color:brown;"">BROWN</span>","word",400,NA,"1 2 3 4",6,NA,NA,NA,NA,"175%",NA,NA,NA,NA,NA,NA,NA,NA,403,58,6.95,68788,"3",1043,1,NA
"543","6",14,"test","NYMPH","stim1: brown",4,"practice",NA,"correct: Correct! You responded in %RT% ms ; incorrect: Incorrect! The font color was  BROWN. You responded in %RT% ms","Press 1 for BLACK, <br>2 for <span style=""color:blue;"">BLUE</span>, <br>3 for <span style=""color:green;"">GREEN</span>, and <br>4 for <span style=""color:brown;"">BROWN</span>","word",400,NA,"1 2 3 4",6,NA,NA,NA,NA,"175%",NA,NA,NA,NA,NA,NA,NA,NA,403,58,6.94,70397,"4",506,1,NA
"544","6",8,"test","GREEN","stim1: black",1,"practice",NA,"correct: Correct! You responded in %RT% ms ; incorrect: Incorrect! The font color was  BLACK. You responded in %RT% ms","Press 1 for BLACK, <br>2 for <span style=""color:blue;"">BLUE</span>, <br>3 for <span style=""color:green;"">GREEN</span>, and <br>4 for <span style=""color:brown;"">BROWN</span>","word",400,NA,"1 2 3 4",6,NA,NA,NA,NA,"175%",NA,NA,NA,NA,NA,NA,NA,NA,403,58,6.94,72298,"1",881,1,NA
"545","6",11,"test","TUSK","stim1: blue",2,"practice",NA,"correct: Correct! You responded in %RT% ms ; incorrect: Incorrect! The font color was  BLUE. You responded in %RT% ms","Press 1 for BLACK, <br>2 for <span style=""color:blue;"">BLUE</span>, <br>3 for <span style=""color:green;"">GREEN</span>, and <br>4 for <span style=""color:brown;"">BROWN</span>","word",400,NA,"1 2 3 4",6,NA,NA,NA,NA,"175%",NA,NA,NA,NA,NA,NA,NA,NA,403,58,6.94,73875,"2",611,1,NA
"546","6",13,"test","IRK","stim1: brown",4,"practice",NA,"correct: Correct! You responded in %RT% ms ; incorrect: Incorrect! The font color was  BROWN. You responded in %RT% ms","Press 1 for BLACK, <br>2 for <span style=""color:blue;"">BLUE</span>, <br>3 for <span style=""color:green;"">GREEN</span>, and <br>4 for <span style=""color:brown;"">BROWN</span>","word",400,NA,"1 2 3 4",6,NA,NA,NA,NA,"175%",NA,NA,NA,NA,NA,NA,NA,NA,403,58,6.94,75507,"4",652,1,NA
"547","6",97,"test","NYMPH","stim1: blue",2,"filler","control",NA,"Press 1 for BLACK, <br>2 for <span style=""color:blue;"">BLUE</span>, <br>3 for <span style=""color:green;"">GREEN</span>, and <br>4 for <span style=""color:brown;"">BROWN</span>","word",400,NA,"1 2 3 4",8,NA,NA,NA,NA,"175%","nymph","rare","noncolor",2.72,5,"rare_noncolor","control",NA,403,58,6.95,81297,"2",727,1,NA
"548","6",50,"test","GREEN","stim1: blue",2,"critical","incongruent",NA,"Press 1 for BLACK, <br>2 for <span style=""color:blue;"">BLUE</span>, <br>3 for <span style=""color:green;"">GREEN</span>, and <br>4 for <span style=""color:brown;"">BROWN</span>","word",400,NA,"1 2 3 4",8,NA,NA,NA,NA,"175%","green","common","color",5.22,5,"common_color","incongruent",1,403,58,6.94,82384,"2",691,1,NA
"549","6",71,"test","OCHRE","stim1: green",3,"filler","control",NA,"Press 1 for BLACK, <br>2 for <span style=""color:blue;"">BLUE</span>, <br>3 for <span style=""color:green;"">GREEN</span>, and <br>4 for <span style=""color:brown;"">BROWN</span>","word",400,NA,"1 2 3 4",8,NA,NA,NA,NA,"175%","ochre","rare","color",2.77,5,"rare_color","control",2,403,58,6.94,83795,"3",1012,1,NA
"550","6",17,"test","AQUA","stim1: black",1,"filler","control",NA,"Press 1 for BLACK, <br>2 for <span style=""color:blue;"">BLUE</span>, <br>3 for <span style=""color:green;"">GREEN</span>, and <br>4 for <span style=""color:brown;"">BROWN</span>","word",400,NA,"1 2 3 4",8,NA,NA,NA,NA,"175%","aqua","rare","color",2.98,4,"rare_color","control",2,403,58,6.95,84900,"1",705,1,NA
"551","6",16,"test","AQUA","stim1: black",1,"filler","control",NA,"Press 1 for BLACK, <br>2 for <span style=""color:blue;"">BLUE</span>, <br>3 for <span style=""color:green;"">GREEN</span>, and <br>4 for <span style=""color:brown;"">BROWN</span>","word",400,NA,"1 2 3 4",8,NA,NA,NA,NA,"175%","aqua","rare","color",2.98,4,"rare_color","control",1,403,58,6.94,85756,"1",459,1,NA
"552","6",45,"test","BROWN","stim1: brown",4,"critical","congruent",NA,"Press 1 for BLACK, <br>2 for <span style=""color:blue;"">BLUE</span>, <br>3 for <span style=""color:green;"">GREEN</span>, and <br>4 for <span style=""color:brown;"">BROWN</span>","word",400,NA,"1 2 3 4",8,NA,NA,NA,NA,"175%","brown","common","color",5.01,5,"common_color","congruent",2,403,58,6.94,86658,"4",506,1,NA
"553","6",30,"test","BLACK","stim1: green",3,"critical","incongruent",NA,"Press 1 for BLACK, <br>2 for <span style=""color:blue;"">BLUE</span>, <br>3 for <span style=""color:green;"">GREEN</span>, and <br>4 for <span style=""color:brown;"">BROWN</span>","word",400,NA,"1 2 3 4",8,NA,NA,NA,NA,"175%","black","common","color",5.26,5,"common_color","incongruent",1,402,58,6.94,88464,"3",1410,1,NA
"554","6",31,"test","BLACK","stim1: green",3,"critical","incongruent",NA,"Press 1 for BLACK, <br>2 for <span style=""color:blue;"">BLUE</span>, <br>3 for <span style=""color:green;"">GREEN</span>, and <br>4 for <span style=""color:brown;"">BROWN</span>","word",400,NA,"1 2 3 4",8,NA,NA,NA,NA,"175%","black","common","color",5.26,5,"common_color","incongruent",2,403,58,6.95,89437,"3",578,1,NA
"555","6",65,"test","OCHRE","stim1: black",1,"filler","control",NA,"Press 1 for BLACK, <br>2 for <span style=""color:blue;"">BLUE</span>, <br>3 for <span style=""color:green;"">GREEN</span>, and <br>4 for <span style=""color:brown;"">BROWN</span>","word",400,NA,"1 2 3 4",8,NA,NA,NA,NA,"175%","ochre","rare","color",2.77,5,"rare_color","control",2,403,58,6.94,90629,"1",791,1,NA
"556","6",80,"test","APEX","stim1: black",1,"filler","control",NA,"Press 1 for BLACK, <br>2 for <span style=""color:blue;"">BLUE</span>, <br>3 for <span style=""color:green;"">GREEN</span>, and <br>4 for <span style=""color:brown;"">BROWN</span>","word",400,NA,"1 2 3 4",8,NA,NA,NA,NA,"175%","apex","rare","noncolor",2.96,4,"rare_noncolor","control",NA,403,58,6.94,91492,"1",466,1,NA
"557","6",27,"test","BLACK","stim1: blue",2,"critical","incongruent",NA,"Press 1 for BLACK, <br>2 for <span style=""color:blue;"">BLUE</span>, <br>3 for <span style=""color:green;"">GREEN</span>, and <br>4 for <span style=""color:brown;"">BROWN</span>","word",400,NA,"1 2 3 4",8,NA,NA,NA,NA,"175%","black","common","color",5.26,5,"common_color","incongruent",2,403,58,6.94,92236,"2",350,1,NA
"558","6",109,"test","TUSK","stim1: blue",2,"filler","control",NA,"Press 1 for BLACK, <br>2 for <span style=""color:blue;"">BLUE</span>, <br>3 for <span style=""color:green;"">GREEN</span>, and <br>4 for <span style=""color:brown;"">BROWN</span>","word",400,NA,"1 2 3 4",8,NA,NA,NA,NA,"175%","tusk","rare","noncolor",3,4,"rare_noncolor","control",NA,403,58,6.94,92932,"2",296,1,NA
"559","6",57,"test","MAUVE","stim1: black",1,"filler","control",NA,"Press 1 for BLACK, <br>2 for <span style=""color:blue;"">BLUE</span>, <br>3 for <span style=""color:green;"">GREEN</span>, and <br>4 for <span style=""color:brown;"">BROWN</span>","word",400,NA,"1 2 3 4",8,NA,NA,NA,NA,"175%","mauve","rare","color",2.71,5,"rare_color","control",2,403,58,6.94,93777,"1",446,1,NA
"560","6",108,"test","TUSK","stim1: black",1,"filler","control",NA,"Press 1 for BLACK, <br>2 for <span style=""color:blue;"">BLUE</span>, <br>3 for <span style=""color:green;"">GREEN</span>, and <br>4 for <span style=""color:brown;"">BROWN</span>","word",400,NA,"1 2 3 4",8,NA,NA,NA,NA,"175%","tusk","rare","noncolor",3,4,"rare_noncolor","control",NA,403,58,6.94,94546,"1",368,1,NA
"561","6",39,"test","BLUE","stim1: green",3,"critical","incongruent",NA,"Press 1 for BLACK, <br>2 for <span style=""color:blue;"">BLUE</span>, <br>3 for <span style=""color:green;"">GREEN</span>, and <br>4 for <span style=""color:brown;"">BROWN</span>","word",400,NA,"1 2 3 4",8,NA,NA,NA,NA,"175%","blue","common","color",5.16,4,"common_color","incongruent",2,403,58,6.95,95644,"3",703,1,NA
"562","6",37,"test","BLUE","stim1: brown",4,"critical","incongruent",NA,"Press 1 for BLACK, <br>2 for <span style=""color:blue;"">BLUE</span>, <br>3 for <span style=""color:green;"">GREEN</span>, and <br>4 for <span style=""color:brown;"">BROWN</span>","word",400,NA,"1 2 3 4",8,NA,NA,NA,NA,"175%","blue","common","color",5.16,4,"common_color","incongruent",2,403,58,6.95,96444,"4",398,1,NA
"563","6",67,"test","OCHRE","stim1: blue",2,"filler","control",NA,"Press 1 for BLACK, <br>2 for <span style=""color:blue;"">BLUE</span>, <br>3 for <span style=""color:green;"">GREEN</span>, and <br>4 for <span style=""color:brown;"">BROWN</span>","word",400,NA,"1 2 3 4",8,NA,NA,NA,NA,"175%","ochre","rare","color",2.77,5,"rare_color","control",2,403,58,6.95,97330,"2",486,1,NA
"564","6",107,"test","SMALL","stim1: green",3,"filler","control",NA,"Press 1 for BLACK, <br>2 for <span style=""color:blue;"">BLUE</span>, <br>3 for <span style=""color:green;"">GREEN</span>, and <br>4 for <span style=""color:brown;"">BROWN</span>","word",400,NA,"1 2 3 4",8,NA,NA,NA,NA,"175%","small","common","noncolor",5.43,5,"common_noncolor","control",NA,403,58,6.95,98104,"3",378,1,NA
"565","6",33,"test","BLUE","stim1: black",1,"critical","incongruent",NA,"Press 1 for BLACK, <br>2 for <span style=""color:blue;"">BLUE</span>, <br>3 for <span style=""color:green;"">GREEN</span>, and <br>4 for <span style=""color:brown;"">BROWN</span>","word",400,NA,"1 2 3 4",8,NA,NA,NA,NA,"175%","blue","common","color",5.16,4,"common_color","incongruent",2,402,58,6.94,99006,"1",502,1,NA
"566","6",32,"test","BLUE","stim1: black",1,"critical","incongruent",NA,"Press 1 for BLACK, <br>2 for <span style=""color:blue;"">BLUE</span>, <br>3 for <span style=""color:green;"">GREEN</span>, and <br>4 for <span style=""color:brown;"">BROWN</span>","word",400,NA,"1 2 3 4",8,NA,NA,NA,NA,"175%","blue","common","color",5.16,4,"common_color","incongruent",1,403,58,6.94,99848,"1",442,1,NA
"567","6",72,"test","SEPIA","stim1: black",1,"filler","control",NA,"Press 1 for BLACK, <br>2 for <span style=""color:blue;"">BLUE</span>, <br>3 for <span style=""color:green;"">GREEN</span>, and <br>4 for <span style=""color:brown;"">BROWN</span>","word",400,NA,"1 2 3 4",8,NA,NA,NA,NA,"175%","sepia","rare","color",2.38,5,"rare_color","control",1,402,58,6.94,100572,"1",326,1,NA
"568","6",111,"test","TUSK","stim1: green",3,"filler","control",NA,"Press 1 for BLACK, <br>2 for <span style=""color:blue;"">BLUE</span>, <br>3 for <span style=""color:green;"">GREEN</span>, and <br>4 for <span style=""color:brown;"">BROWN</span>","word",400,NA,"1 2 3 4",8,NA,NA,NA,NA,"175%","tusk","rare","noncolor",3,4,"rare_noncolor","control",NA,403,58,6.95,101560,"3",592,1,NA
"569","6",26,"test","BLACK","stim1: blue",2,"critical","incongruent",NA,"Press 1 for BLACK, <br>2 for <span style=""color:blue;"">BLUE</span>, <br>3 for <span style=""color:green;"">GREEN</span>, and <br>4 for <span style=""color:brown;"">BROWN</span>","word",400,NA,"1 2 3 4",8,NA,NA,NA,NA,"175%","black","common","color",5.26,5,"common_color","incongruent",1,403,58,6.94,102451,"2",497,1,NA
"570","6",38,"test","BLUE","stim1: green",3,"critical","incongruent",NA,"Press 1 for BLACK, <br>2 for <span style=""color:blue;"">BLUE</span>, <br>3 for <span style=""color:green;"">GREEN</span>, and <br>4 for <span style=""color:brown;"">BROWN</span>","word",400,NA,"1 2 3 4",8,NA,NA,NA,NA,"175%","blue","common","color",5.16,4,"common_color","incongruent",1,403,58,6.94,103482,"3",632,1,NA
"571","6",91,"test","FAST","stim1: green",3,"filler","control",NA,"Press 1 for BLACK, <br>2 for <span style=""color:blue;"">BLUE</span>, <br>3 for <span style=""color:green;"">GREEN</span>, and <br>4 for <span style=""color:brown;"">BROWN</span>","word",400,NA,"1 2 3 4",8,NA,NA,NA,NA,"175%","fast","common","noncolor",5.09,4,"common_noncolor","control",NA,403,58,6.94,104336,"3",459,1,NA
"572","6",110,"test","TUSK","stim1: brown",4,"filler","control",NA,"Press 1 for BLACK, <br>2 for <span style=""color:blue;"">BLUE</span>, <br>3 for <span style=""color:green;"">GREEN</span>, and <br>4 for <span style=""color:brown;"">BROWN</span>","word",400,NA,"1 2 3 4",8,NA,NA,NA,NA,"175%","tusk","rare","noncolor",3,4,"rare_noncolor","control",NA,403,58,6.94,105257,"4",525,1,NA
"573","6",36,"test","BLUE","stim1: brown",4,"critical","incongruent",NA,"Press 1 for BLACK, <br>2 for <span style=""color:blue;"">BLUE</span>, <br>3 for <span style=""color:green;"">GREEN</span>, and <br>4 for <span style=""color:brown;"">BROWN</span>","word",400,NA,"1 2 3 4",8,NA,NA,NA,NA,"175%","blue","common","color",5.16,4,"common_color","incongruent",1,402,58,6.94,105970,"4",315,1,NA
"574","6",47,"test","BROWN","stim1: green",3,"critical","incongruent",NA,"Press 1 for BLACK, <br>2 for <span style=""color:blue;"">BLUE</span>, <br>3 for <span style=""color:green;"">GREEN</span>, and <br>4 for <span style=""color:brown;"">BROWN</span>","word",400,NA,"1 2 3 4",8,NA,NA,NA,NA,"175%","brown","common","color",5.01,5,"common_color","incongruent",2,403,58,6.95,106805,"3",435,1,NA
"575","6",35,"test","BLUE","stim1: blue",2,"critical","congruent",NA,"Press 1 for BLACK, <br>2 for <span style=""color:blue;"">BLUE</span>, <br>3 for <span style=""color:green;"">GREEN</span>, and <br>4 for <span style=""color:brown;"">BROWN</span>","word",400,NA,"1 2 3 4",8,NA,NA,NA,NA,"175%","blue","common","color",5.16,4,"common_color","congruent",2,403,58,6.95,107562,"2",358,1,NA
"576","6",100,"test","SLOW","stim1: black",1,"filler","control",NA,"Press 1 for BLACK, <br>2 for <span style=""color:blue;"">BLUE</span>, <br>3 for <span style=""color:green;"">GREEN</span>, and <br>4 for <span style=""color:brown;"">BROWN</span>","word",400,NA,"1 2 3 4",8,NA,NA,NA,NA,"175%","slow","common","noncolor",4.81,4,"common_noncolor","control",NA,403,58,6.95,108394,"1",434,1,NA
"577","6",55,"test","GREEN","stim1: green",3,"critical","congruent",NA,"Press 1 for BLACK, <br>2 for <span style=""color:blue;"">BLUE</span>, <br>3 for <span style=""color:green;"">GREEN</span>, and <br>4 for <span style=""color:brown;"">BROWN</span>","word",400,NA,"1 2 3 4",8,NA,NA,NA,NA,"175%","green","common","color",5.22,5,"common_color","congruent",2,403,58,6.94,109358,"3",565,1,NA
"578","6",105,"test","SMALL","stim1: blue",2,"filler","control",NA,"Press 1 for BLACK, <br>2 for <span style=""color:blue;"">BLUE</span>, <br>3 for <span style=""color:green;"">GREEN</span>, and <br>4 for <span style=""color:brown;"">BROWN</span>","word",400,NA,"1 2 3 4",8,NA,NA,NA,NA,"175%","small","common","noncolor",5.43,5,"common_noncolor","control",NA,403,58,6.95,110211,"2",451,1,NA
"579","6",61,"test","MAUVE","stim1: brown",4,"filler","control",NA,"Press 1 for BLACK, <br>2 for <span style=""color:blue;"">BLUE</span>, <br>3 for <span style=""color:green;"">GREEN</span>, and <br>4 for <span style=""color:brown;"">BROWN</span>","word",400,NA,"1 2 3 4",8,NA,NA,NA,NA,"175%","mauve","rare","color",2.71,5,"rare_color","control",2,403,58,6.94,110973,"4",367,1,NA
"580","6",28,"test","BLACK","stim1: brown",4,"critical","incongruent",NA,"Press 1 for BLACK, <br>2 for <span style=""color:blue;"">BLUE</span>, <br>3 for <span style=""color:green;"">GREEN</span>, and <br>4 for <span style=""color:brown;"">BROWN</span>","word",400,NA,"1 2 3 4",8,NA,NA,NA,NA,"175%","black","common","color",5.26,5,"common_color","incongruent",1,403,58,6.94,111685,"4",316,1,NA
"581","6",70,"test","OCHRE","stim1: green",3,"filler","control",NA,"Press 1 for BLACK, <br>2 for <span style=""color:blue;"">BLUE</span>, <br>3 for <span style=""color:green;"">GREEN</span>, and <br>4 for <span style=""color:brown;"">BROWN</span>","word",400,NA,"1 2 3 4",8,NA,NA,NA,NA,"175%","ochre","rare","color",2.77,5,"rare_color","control",1,403,58,6.94,112655,"2",571,0,NA
"582","6",64,"test","OCHRE","stim1: black",1,"filler","control",NA,"Press 1 for BLACK, <br>2 for <span style=""color:blue;"">BLUE</span>, <br>3 for <span style=""color:green;"">GREEN</span>, and <br>4 for <span style=""color:brown;"">BROWN</span>","word",400,NA,"1 2 3 4",8,NA,NA,NA,NA,"175%","ochre","rare","color",2.77,5,"rare_color","control",1,403,58,6.94,113576,"1",519,1,NA
"583","6",104,"test","SMALL","stim1: black",1,"filler","control",NA,"Press 1 for BLACK, <br>2 for <span style=""color:blue;"">BLUE</span>, <br>3 for <span style=""color:green;"">GREEN</span>, and <br>4 for <span style=""color:brown;"">BROWN</span>","word",400,NA,"1 2 3 4",8,NA,NA,NA,NA,"175%","small","common","noncolor",5.43,5,"common_noncolor","control",NA,403,58,6.95,114618,"1",645,1,NA
"584","6",90,"test","FAST","stim1: brown",4,"filler","control",NA,"Press 1 for BLACK, <br>2 for <span style=""color:blue;"">BLUE</span>, <br>3 for <span style=""color:green;"">GREEN</span>, and <br>4 for <span style=""color:brown;"">BROWN</span>","word",400,NA,"1 2 3 4",8,NA,NA,NA,NA,"175%","fast","common","noncolor",5.09,4,"common_noncolor","control",NA,403,58,6.94,115717,"4",701,1,NA
"585","6",68,"test","OCHRE","stim1: brown",4,"filler","control",NA,"Press 1 for BLACK, <br>2 for <span style=""color:blue;"">BLUE</span>, <br>3 for <span style=""color:green;"">GREEN</span>, and <br>4 for <span style=""color:brown;"">BROWN</span>","word",400,NA,"1 2 3 4",8,NA,NA,NA,NA,"175%","ochre","rare","color",2.77,5,"rare_color","control",1,403,58,6.95,116506,"4",394,1,NA
"586","6",74,"test","SEPIA","stim1: blue",2,"filler","control",NA,"Press 1 for BLACK, <br>2 for <span style=""color:blue;"">BLUE</span>, <br>3 for <span style=""color:green;"">GREEN</span>, and <br>4 for <span style=""color:brown;"">BROWN</span>","word",400,NA,"1 2 3 4",8,NA,NA,NA,NA,"175%","sepia","rare","color",2.38,5,"rare_color","control",1,403,58,6.94,117450,"2",547,1,NA
"587","6",49,"test","GREEN","stim1: black",1,"critical","incongruent",NA,"Press 1 for BLACK, <br>2 for <span style=""color:blue;"">BLUE</span>, <br>3 for <span style=""color:green;"">GREEN</span>, and <br>4 for <span style=""color:brown;"">BROWN</span>","word",400,NA,"1 2 3 4",8,NA,NA,NA,NA,"175%","green","common","color",5.22,5,"common_color","incongruent",2,403,58,6.95,118482,"1",634,1,NA
"588","6",54,"test","GREEN","stim1: green",3,"critical","congruent",NA,"Press 1 for BLACK, <br>2 for <span style=""color:blue;"">BLUE</span>, <br>3 for <span style=""color:green;"">GREEN</span>, and <br>4 for <span style=""color:brown;"">BROWN</span>","word",400,NA,"1 2 3 4",8,NA,NA,NA,NA,"175%","green","common","color",5.22,5,"common_color","congruent",1,403,58,6.94,119325,"3",443,1,NA
"589","6",44,"test","BROWN","stim1: brown",4,"critical","congruent",NA,"Press 1 for BLACK, <br>2 for <span style=""color:blue;"">BLUE</span>, <br>3 for <span style=""color:green;"">GREEN</span>, and <br>4 for <span style=""color:brown;"">BROWN</span>","word",400,NA,"1 2 3 4",8,NA,NA,NA,NA,"175%","brown","common","color",5.01,5,"common_color","congruent",1,403,58,6.95,120255,"4",532,1,NA
"590","6",51,"test","GREEN","stim1: blue",2,"critical","incongruent",NA,"Press 1 for BLACK, <br>2 for <span style=""color:blue;"">BLUE</span>, <br>3 for <span style=""color:green;"">GREEN</span>, and <br>4 for <span style=""color:brown;"">BROWN</span>","word",400,NA,"1 2 3 4",8,NA,NA,NA,NA,"175%","green","common","color",5.22,5,"common_color","incongruent",2,402,58,6.94,121192,"2",538,1,NA
"591","6",73,"test","SEPIA","stim1: black",1,"filler","control",NA,"Press 1 for BLACK, <br>2 for <span style=""color:blue;"">BLUE</span>, <br>3 for <span style=""color:green;"">GREEN</span>, and <br>4 for <span style=""color:brown;"">BROWN</span>","word",400,NA,"1 2 3 4",8,NA,NA,NA,NA,"175%","sepia","rare","color",2.38,5,"rare_color","control",2,403,58,6.94,122106,"1",515,1,NA
"592","6",79,"test","SEPIA","stim1: green",3,"filler","control",NA,"Press 1 for BLACK, <br>2 for <span style=""color:blue;"">BLUE</span>, <br>3 for <span style=""color:green;"">GREEN</span>, and <br>4 for <span style=""color:brown;"">BROWN</span>","word",400,NA,"1 2 3 4",8,NA,NA,NA,NA,"175%","sepia","rare","color",2.38,5,"rare_color","control",2,403,58,6.94,123504,"3",998,1,NA
"593","6",23,"test","AQUA","stim1: green",3,"filler","control",NA,"Press 1 for BLACK, <br>2 for <span style=""color:blue;"">BLUE</span>, <br>3 for <span style=""color:green;"">GREEN</span>, and <br>4 for <span style=""color:brown;"">BROWN</span>","word",400,NA,"1 2 3 4",8,NA,NA,NA,NA,"175%","aqua","rare","color",2.98,4,"rare_color","control",2,403,58,6.95,124318,"3",414,1,NA
"594","6",40,"test","BROWN","stim1: black",1,"critical","incongruent",NA,"Press 1 for BLACK, <br>2 for <span style=""color:blue;"">BLUE</span>, <br>3 for <span style=""color:green;"">GREEN</span>, and <br>4 for <span style=""color:brown;"">BROWN</span>","word",400,NA,"1 2 3 4",8,NA,NA,NA,NA,"175%","brown","common","color",5.01,5,"common_color","incongruent",1,403,58,6.94,125260,"1",546,1,NA
"595","6",22,"test","AQUA","stim1: green",3,"filler","control",NA,"Press 1 for BLACK, <br>2 for <span style=""color:blue;"">BLUE</span>, <br>3 for <span style=""color:green;"">GREEN</span>, and <br>4 for <span style=""color:brown;"">BROWN</span>","word",400,NA,"1 2 3 4",8,NA,NA,NA,NA,"175%","aqua","rare","color",2.98,4,"rare_color","control",1,403,58,6.95,126192,"3",533,1,NA
"596","6",101,"test","SLOW","stim1: blue",2,"filler","control",NA,"Press 1 for BLACK, <br>2 for <span style=""color:blue;"">BLUE</span>, <br>3 for <span style=""color:green;"">GREEN</span>, and <br>4 for <span style=""color:brown;"">BROWN</span>","word",400,NA,"1 2 3 4",8,NA,NA,NA,NA,"175%","slow","common","noncolor",4.81,4,"common_noncolor","control",NA,403,58,6.94,127092,"2",503,1,NA
"597","6",34,"test","BLUE","stim1: blue",2,"critical","congruent",NA,"Press 1 for BLACK, <br>2 for <span style=""color:blue;"">BLUE</span>, <br>3 for <span style=""color:green;"">GREEN</span>, and <br>4 for <span style=""color:brown;"">BROWN</span>","word",400,NA,"1 2 3 4",8,NA,NA,NA,NA,"175%","blue","common","color",5.16,4,"common_color","congruent",1,403,58,6.94,127890,"2",398,1,NA
"598","6",59,"test","MAUVE","stim1: blue",2,"filler","control",NA,"Press 1 for BLACK, <br>2 for <span style=""color:blue;"">BLUE</span>, <br>3 for <span style=""color:green;"">GREEN</span>, and <br>4 for <span style=""color:brown;"">BROWN</span>","word",400,NA,"1 2 3 4",8,NA,NA,NA,NA,"175%","mauve","rare","color",2.71,5,"rare_color","control",2,403,58,6.94,128653,"2",360,1,NA
"599","6",21,"test","AQUA","stim1: brown",4,"filler","control",NA,"Press 1 for BLACK, <br>2 for <span style=""color:blue;"">BLUE</span>, <br>3 for <span style=""color:green;"">GREEN</span>, and <br>4 for <span style=""color:brown;"">BROWN</span>","word",400,NA,"1 2 3 4",8,NA,NA,NA,NA,"175%","aqua","rare","color",2.98,4,"rare_color","control",2,403,58,6.94,129676,"4",628,1,NA
"600","6",85,"test","BIG","stim1: blue",2,"filler","control",NA,"Press 1 for BLACK, <br>2 for <span style=""color:blue;"">BLUE</span>, <br>3 for <span style=""color:green;"">GREEN</span>, and <br>4 for <span style=""color:brown;"">BROWN</span>","word",400,NA,"1 2 3 4",8,NA,NA,NA,NA,"175%","big","common","noncolor",5.94,3,"common_noncolor","control",NA,403,58,6.94,130504,"4",429,0,NA
"601","6",53,"test","GREEN","stim1: brown",4,"critical","incongruent",NA,"Press 1 for BLACK, <br>2 for <span style=""color:blue;"">BLUE</span>, <br>3 for <span style=""color:green;"">GREEN</span>, and <br>4 for <span style=""color:brown;"">BROWN</span>","word",400,NA,"1 2 3 4",8,NA,NA,NA,NA,"175%","green","common","color",5.22,5,"common_color","incongruent",2,403,58,6.94,131464,"4",563,1,NA
"602","6",75,"test","SEPIA","stim1: blue",2,"filler","control",NA,"Press 1 for BLACK, <br>2 for <span style=""color:blue;"">BLUE</span>, <br>3 for <span style=""color:green;"">GREEN</span>, and <br>4 for <span style=""color:brown;"">BROWN</span>","word",400,NA,"1 2 3 4",8,NA,NA,NA,NA,"175%","sepia","rare","color",2.38,5,"rare_color","control",2,403,58,6.94,132372,"2",513,1,NA
"603","6",66,"test","OCHRE","stim1: blue",2,"filler","control",NA,"Press 1 for BLACK, <br>2 for <span style=""color:blue;"">BLUE</span>, <br>3 for <span style=""color:green;"">GREEN</span>, and <br>4 for <span style=""color:brown;"">BROWN</span>","word",400,NA,"1 2 3 4",8,NA,NA,NA,NA,"175%","ochre","rare","color",2.77,5,"rare_color","control",1,403,58,6.94,133106,"2",337,1,NA
"604","6",62,"test","MAUVE","stim1: green",3,"filler","control",NA,"Press 1 for BLACK, <br>2 for <span style=""color:blue;"">BLUE</span>, <br>3 for <span style=""color:green;"">GREEN</span>, and <br>4 for <span style=""color:brown;"">BROWN</span>","word",400,NA,"1 2 3 4",8,NA,NA,NA,NA,"175%","mauve","rare","color",2.71,5,"rare_color","control",1,403,58,6.94,133982,"3",476,1,NA
"605","6",102,"test","SLOW","stim1: brown",4,"filler","control",NA,"Press 1 for BLACK, <br>2 for <span style=""color:blue;"">BLUE</span>, <br>3 for <span style=""color:green;"">GREEN</span>, and <br>4 for <span style=""color:brown;"">BROWN</span>","word",400,NA,"1 2 3 4",8,NA,NA,NA,NA,"175%","slow","common","noncolor",4.81,4,"common_noncolor","control",NA,403,58,6.95,135054,"4",674,1,NA
"606","6",94,"test","IRK","stim1: brown",4,"filler","control",NA,"Press 1 for BLACK, <br>2 for <span style=""color:blue;"">BLUE</span>, <br>3 for <span style=""color:green;"">GREEN</span>, and <br>4 for <span style=""color:brown;"">BROWN</span>","word",400,NA,"1 2 3 4",8,NA,NA,NA,NA,"175%","irk","rare","noncolor",1.95,3,"rare_noncolor","control",NA,403,58,6.95,135854,"4",405,1,NA
"607","6",43,"test","BROWN","stim1: blue",2,"critical","incongruent",NA,"Press 1 for BLACK, <br>2 for <span style=""color:blue;"">BLUE</span>, <br>3 for <span style=""color:green;"">GREEN</span>, and <br>4 for <span style=""color:brown;"">BROWN</span>","word",400,NA,"1 2 3 4",8,NA,NA,NA,NA,"175%","brown","common","color",5.01,5,"common_color","incongruent",2,403,58,6.94,136729,"2",475,1,NA
"608","6",86,"test","BIG","stim1: brown",4,"filler","control",NA,"Press 1 for BLACK, <br>2 for <span style=""color:blue;"">BLUE</span>, <br>3 for <span style=""color:green;"">GREEN</span>, and <br>4 for <span style=""color:brown;"">BROWN</span>","word",400,NA,"1 2 3 4",8,NA,NA,NA,NA,"175%","big","common","noncolor",5.94,3,"common_noncolor","control",NA,403,58,6.94,137674,"4",545,1,NA
"609","6",99,"test","NYMPH","stim1: green",3,"filler","control",NA,"Press 1 for BLACK, <br>2 for <span style=""color:blue;"">BLUE</span>, <br>3 for <span style=""color:green;"">GREEN</span>, and <br>4 for <span style=""color:brown;"">BROWN</span>","word",400,NA,"1 2 3 4",8,NA,NA,NA,NA,"175%","nymph","rare","noncolor",2.72,5,"rare_noncolor","control",NA,403,58,6.95,138621,"3",547,1,NA
"610","6",92,"test","IRK","stim1: black",1,"filler","control",NA,"Press 1 for BLACK, <br>2 for <span style=""color:blue;"">BLUE</span>, <br>3 for <span style=""color:green;"">GREEN</span>, and <br>4 for <span style=""color:brown;"">BROWN</span>","word",400,NA,"1 2 3 4",8,NA,NA,NA,NA,"175%","irk","rare","noncolor",1.95,3,"rare_noncolor","control",NA,403,58,6.94,139481,"1",461,1,NA
"611","6",103,"test","SLOW","stim1: green",3,"filler","control",NA,"Press 1 for BLACK, <br>2 for <span style=""color:blue;"">BLUE</span>, <br>3 for <span style=""color:green;"">GREEN</span>, and <br>4 for <span style=""color:brown;"">BROWN</span>","word",400,NA,"1 2 3 4",8,NA,NA,NA,NA,"175%","slow","common","noncolor",4.81,4,"common_noncolor","control",NA,402,58,6.94,140441,"3",562,1,NA
"612","6",29,"test","BLACK","stim1: brown",4,"critical","incongruent",NA,"Press 1 for BLACK, <br>2 for <span style=""color:blue;"">BLUE</span>, <br>3 for <span style=""color:green;"">GREEN</span>, and <br>4 for <span style=""color:brown;"">BROWN</span>","word",400,NA,"1 2 3 4",8,NA,NA,NA,NA,"175%","black","common","color",5.26,5,"common_color","incongruent",2,403,58,6.95,141491,"4",647,1,NA
"613","6",81,"test","APEX","stim1: blue",2,"filler","control",NA,"Press 1 for BLACK, <br>2 for <span style=""color:blue;"">BLUE</span>, <br>3 for <span style=""color:green;"">GREEN</span>, and <br>4 for <span style=""color:brown;"">BROWN</span>","word",400,NA,"1 2 3 4",8,NA,NA,NA,NA,"175%","apex","rare","noncolor",2.96,4,"rare_noncolor","control",NA,403,58,6.94,142419,"2",526,1,NA
"614","6",69,"test","OCHRE","stim1: brown",4,"filler","control",NA,"Press 1 for BLACK, <br>2 for <span style=""color:blue;"">BLUE</span>, <br>3 for <span style=""color:green;"">GREEN</span>, and <br>4 for <span style=""color:brown;"">BROWN</span>","word",400,NA,"1 2 3 4",8,NA,NA,NA,NA,"175%","ochre","rare","color",2.77,5,"rare_color","control",2,403,58,6.94,143390,"4",574,1,NA
"615","6",41,"test","BROWN","stim1: black",1,"critical","incongruent",NA,"Press 1 for BLACK, <br>2 for <span style=""color:blue;"">BLUE</span>, <br>3 for <span style=""color:green;"">GREEN</span>, and <br>4 for <span style=""color:brown;"">BROWN</span>","word",400,NA,"1 2 3 4",8,NA,NA,NA,NA,"175%","brown","common","color",5.01,5,"common_color","incongruent",2,403,58,6.95,144328,"1",540,1,NA
"616","6",95,"test","IRK","stim1: green",3,"filler","control",NA,"Press 1 for BLACK, <br>2 for <span style=""color:blue;"">BLUE</span>, <br>3 for <span style=""color:green;"">GREEN</span>, and <br>4 for <span style=""color:brown;"">BROWN</span>","word",400,NA,"1 2 3 4",8,NA,NA,NA,NA,"175%","irk","rare","noncolor",1.95,3,"rare_noncolor","control",NA,403,58,6.94,145736,"3",1010,1,NA
"617","6",42,"test","BROWN","stim1: blue",2,"critical","incongruent",NA,"Press 1 for BLACK, <br>2 for <span style=""color:blue;"">BLUE</span>, <br>3 for <span style=""color:green;"">GREEN</span>, and <br>4 for <span style=""color:brown;"">BROWN</span>","word",400,NA,"1 2 3 4",8,NA,NA,NA,NA,"175%","brown","common","color",5.01,5,"common_color","incongruent",1,403,58,6.95,146754,"2",619,1,NA
"618","6",18,"test","AQUA","stim1: blue",2,"filler","control",NA,"Press 1 for BLACK, <br>2 for <span style=""color:blue;"">BLUE</span>, <br>3 for <span style=""color:green;"">GREEN</span>, and <br>4 for <span style=""color:brown;"">BROWN</span>","word",400,NA,"1 2 3 4",8,NA,NA,NA,NA,"175%","aqua","rare","color",2.98,4,"rare_color","control",1,403,58,6.94,147564,"2",409,1,NA
"619","6",76,"test","SEPIA","stim1: brown",4,"filler","control",NA,"Press 1 for BLACK, <br>2 for <span style=""color:blue;"">BLUE</span>, <br>3 for <span style=""color:green;"">GREEN</span>, and <br>4 for <span style=""color:brown;"">BROWN</span>","word",400,NA,"1 2 3 4",8,NA,NA,NA,NA,"175%","sepia","rare","color",2.38,5,"rare_color","control",1,403,58,6.94,148459,"4",498,1,NA
"620","6",106,"test","SMALL","stim1: brown",4,"filler","control",NA,"Press 1 for BLACK, <br>2 for <span style=""color:blue;"">BLUE</span>, <br>3 for <span style=""color:green;"">GREEN</span>, and <br>4 for <span style=""color:brown;"">BROWN</span>","word",400,NA,"1 2 3 4",8,NA,NA,NA,NA,"175%","small","common","noncolor",5.43,5,"common_noncolor","control",NA,402,58,6.93,149428,"4",572,1,NA
"621","6",25,"test","BLACK","stim1: black",1,"critical","congruent",NA,"Press 1 for BLACK, <br>2 for <span style=""color:blue;"">BLUE</span>, <br>3 for <span style=""color:green;"">GREEN</span>, and <br>4 for <span style=""color:brown;"">BROWN</span>","word",400,NA,"1 2 3 4",8,NA,NA,NA,NA,"175%","black","common","color",5.26,5,"common_color","congruent",2,403,58,6.95,150554,"1",725,1,NA
"622","6",82,"test","APEX","stim1: brown",4,"filler","control",NA,"Press 1 for BLACK, <br>2 for <span style=""color:blue;"">BLUE</span>, <br>3 for <span style=""color:green;"">GREEN</span>, and <br>4 for <span style=""color:brown;"">BROWN</span>","word",400,NA,"1 2 3 4",8,NA,NA,NA,NA,"175%","apex","rare","noncolor",2.96,4,"rare_noncolor","control",NA,403,58,6.95,151654,"4",700,1,NA
"623","6",83,"test","APEX","stim1: green",3,"filler","control",NA,"Press 1 for BLACK, <br>2 for <span style=""color:blue;"">BLUE</span>, <br>3 for <span style=""color:green;"">GREEN</span>, and <br>4 for <span style=""color:brown;"">BROWN</span>","word",400,NA,"1 2 3 4",8,NA,NA,NA,NA,"175%","apex","rare","noncolor",2.96,4,"rare_noncolor","control",NA,403,58,6.94,152547,"2",497,0,NA
"624","6",89,"test","FAST","stim1: blue",2,"filler","control",NA,"Press 1 for BLACK, <br>2 for <span style=""color:blue;"">BLUE</span>, <br>3 for <span style=""color:green;"">GREEN</span>, and <br>4 for <span style=""color:brown;"">BROWN</span>","word",400,NA,"1 2 3 4",8,NA,NA,NA,NA,"175%","fast","common","noncolor",5.09,4,"common_noncolor","control",NA,403,58,6.94,153859,"2",913,1,NA
"625","6",78,"test","SEPIA","stim1: green",3,"filler","control",NA,"Press 1 for BLACK, <br>2 for <span style=""color:blue;"">BLUE</span>, <br>3 for <span style=""color:green;"">GREEN</span>, and <br>4 for <span style=""color:brown;"">BROWN</span>","word",400,NA,"1 2 3 4",8,NA,NA,NA,NA,"175%","sepia","rare","color",2.38,5,"rare_color","control",1,403,58,6.95,154905,"3",647,1,NA
"626","6",58,"test","MAUVE","stim1: blue",2,"filler","control",NA,"Press 1 for BLACK, <br>2 for <span style=""color:blue;"">BLUE</span>, <br>3 for <span style=""color:green;"">GREEN</span>, and <br>4 for <span style=""color:brown;"">BROWN</span>","word",400,NA,"1 2 3 4",8,NA,NA,NA,NA,"175%","mauve","rare","color",2.71,5,"rare_color","control",1,403,58,6.94,156501,"2",1193,1,NA
"627","6",88,"test","FAST","stim1: black",1,"filler","control",NA,"Press 1 for BLACK, <br>2 for <span style=""color:blue;"">BLUE</span>, <br>3 for <span style=""color:green;"">GREEN</span>, and <br>4 for <span style=""color:brown;"">BROWN</span>","word",400,NA,"1 2 3 4",8,NA,NA,NA,NA,"175%","fast","common","noncolor",5.09,4,"common_noncolor","control",NA,402,58,6.94,157470,"1",573,1,NA
"628","6",60,"test","MAUVE","stim1: brown",4,"filler","control",NA,"Press 1 for BLACK, <br>2 for <span style=""color:blue;"">BLUE</span>, <br>3 for <span style=""color:green;"">GREEN</span>, and <br>4 for <span style=""color:brown;"">BROWN</span>","word",400,NA,"1 2 3 4",8,NA,NA,NA,NA,"175%","mauve","rare","color",2.71,5,"rare_color","control",1,403,58,6.94,158454,"4",585,1,NA
"629","6",48,"test","GREEN","stim1: black",1,"critical","incongruent",NA,"Press 1 for BLACK, <br>2 for <span style=""color:blue;"">BLUE</span>, <br>3 for <span style=""color:green;"">GREEN</span>, and <br>4 for <span style=""color:brown;"">BROWN</span>","word",400,NA,"1 2 3 4",8,NA,NA,NA,NA,"175%","green","common","color",5.22,5,"common_color","incongruent",1,403,58,6.94,159542,"1",686,1,NA
"630","6",84,"test","BIG","stim1: black",1,"filler","control",NA,"Press 1 for BLACK, <br>2 for <span style=""color:blue;"">BLUE</span>, <br>3 for <span style=""color:green;"">GREEN</span>, and <br>4 for <span style=""color:brown;"">BROWN</span>","word",400,NA,"1 2 3 4",8,NA,NA,NA,NA,"175%","big","common","noncolor",5.94,3,"common_noncolor","control",NA,403,58,6.94,160751,"1",812,1,NA
"631","6",98,"test","NYMPH","stim1: brown",4,"filler","control",NA,"Press 1 for BLACK, <br>2 for <span style=""color:blue;"">BLUE</span>, <br>3 for <span style=""color:green;"">GREEN</span>, and <br>4 for <span style=""color:brown;"">BROWN</span>","word",400,NA,"1 2 3 4",8,NA,NA,NA,NA,"175%","nymph","rare","noncolor",2.72,5,"rare_noncolor","control",NA,403,58,6.94,161542,"4",395,1,NA
"632","6",87,"test","BIG","stim1: green",3,"filler","control",NA,"Press 1 for BLACK, <br>2 for <span style=""color:blue;"">BLUE</span>, <br>3 for <span style=""color:green;"">GREEN</span>, and <br>4 for <span style=""color:brown;"">BROWN</span>","word",400,NA,"1 2 3 4",8,NA,NA,NA,NA,"175%","big","common","noncolor",5.94,3,"common_noncolor","control",NA,403,58,6.95,162499,"3",560,1,NA
"633","6",96,"test","NYMPH","stim1: black",1,"filler","control",NA,"Press 1 for BLACK, <br>2 for <span style=""color:blue;"">BLUE</span>, <br>3 for <span style=""color:green;"">GREEN</span>, and <br>4 for <span style=""color:brown;"">BROWN</span>","word",400,NA,"1 2 3 4",8,NA,NA,NA,NA,"175%","nymph","rare","noncolor",2.72,5,"rare_noncolor","control",NA,403,58,6.94,163390,"1",494,1,NA
"634","6",93,"test","IRK","stim1: blue",2,"filler","control",NA,"Press 1 for BLACK, <br>2 for <span style=""color:blue;"">BLUE</span>, <br>3 for <span style=""color:green;"">GREEN</span>, and <br>4 for <span style=""color:brown;"">BROWN</span>","word",400,NA,"1 2 3 4",8,NA,NA,NA,NA,"175%","irk","rare","noncolor",1.95,3,"rare_noncolor","control",NA,402,58,6.94,164184,"2",399,1,NA
"635","6",46,"test","BROWN","stim1: green",3,"critical","incongruent",NA,"Press 1 for BLACK, <br>2 for <span style=""color:blue;"">BLUE</span>, <br>3 for <span style=""color:green;"">GREEN</span>, and <br>4 for <span style=""color:brown;"">BROWN</span>","word",400,NA,"1 2 3 4",8,NA,NA,NA,NA,"175%","brown","common","color",5.01,5,"common_color","incongruent",1,403,58,6.95,164979,"3",395,1,NA
"636","6",24,"test","BLACK","stim1: black",1,"critical","congruent",NA,"Press 1 for BLACK, <br>2 for <span style=""color:blue;"">BLUE</span>, <br>3 for <span style=""color:green;"">GREEN</span>, and <br>4 for <span style=""color:brown;"">BROWN</span>","word",400,NA,"1 2 3 4",8,NA,NA,NA,NA,"175%","black","common","color",5.26,5,"common_color","congruent",1,403,58,6.94,165853,"1",470,1,NA
"637","6",20,"test","AQUA","stim1: brown",4,"filler","control",NA,"Press 1 for BLACK, <br>2 for <span style=""color:blue;"">BLUE</span>, <br>3 for <span style=""color:green;"">GREEN</span>, and <br>4 for <span style=""color:brown;"">BROWN</span>","word",400,NA,"1 2 3 4",8,NA,NA,NA,NA,"175%","aqua","rare","color",2.98,4,"rare_color","control",1,403,58,6.94,166879,"4",628,1,NA
"638","6",52,"test","GREEN","stim1: brown",4,"critical","incongruent",NA,"Press 1 for BLACK, <br>2 for <span style=""color:blue;"">BLUE</span>, <br>3 for <span style=""color:green;"">GREEN</span>, and <br>4 for <span style=""color:brown;"">BROWN</span>","word",400,NA,"1 2 3 4",8,NA,NA,NA,NA,"175%","green","common","color",5.22,5,"common_color","incongruent",1,403,58,6.94,168195,"4",917,1,NA
"639","6",19,"test","AQUA","stim1: blue",2,"filler","control",NA,"Press 1 for BLACK, <br>2 for <span style=""color:blue;"">BLUE</span>, <br>3 for <span style=""color:green;"">GREEN</span>, and <br>4 for <span style=""color:brown;"">BROWN</span>","word",400,NA,"1 2 3 4",8,NA,NA,NA,NA,"175%","aqua","rare","color",2.98,4,"rare_color","control",2,403,58,6.94,169447,"2",857,1,NA
"640","6",77,"test","SEPIA","stim1: brown",4,"filler","control",NA,"Press 1 for BLACK, <br>2 for <span style=""color:blue;"">BLUE</span>, <br>3 for <span style=""color:green;"">GREEN</span>, and <br>4 for <span style=""color:brown;"">BROWN</span>","word",400,NA,"1 2 3 4",8,NA,NA,NA,NA,"175%","sepia","rare","color",2.38,5,"rare_color","control",2,403,58,6.94,170662,"4",815,1,NA
"641","6",63,"test","MAUVE","stim1: green",3,"filler","control",NA,"Press 1 for BLACK, <br>2 for <span style=""color:blue;"">BLUE</span>, <br>3 for <span style=""color:green;"">GREEN</span>, and <br>4 for <span style=""color:brown;"">BROWN</span>","word",400,NA,"1 2 3 4",8,NA,NA,NA,NA,"175%","mauve","rare","color",2.71,5,"rare_color","control",2,402,58,6.94,171591,"3",536,1,NA
"642","6",56,"test","MAUVE","stim1: black",1,"filler","control",NA,"Press 1 for BLACK, <br>2 for <span style=""color:blue;"">BLUE</span>, <br>3 for <span style=""color:green;"">GREEN</span>, and <br>4 for <span style=""color:brown;"">BROWN</span>","word",400,NA,"1 2 3 4",8,NA,NA,NA,NA,"175%","mauve","rare","color",2.71,5,"rare_color","control",1,403,58,6.94,172512,"1",526,1,NA
"643","7",3,"form",NA,NA,0,NA,NA,NA,NA,NA,0,"NEXT",NA,2,1,"What is your English language READING ability?","radio","Native Speaker;High Proficiency (CEFR C1-C2);Intermediate Proficiency (CEFR B1-B2);Low Proficiency (CEFR A1-A2);No proficiency:exclusive","175%",NA,NA,NA,NA,NA,NA,NA,NA,NA,NA,NA,15210,"High Proficiency (CEFR C1-C2)",9803,0,2
"644","7",4,"form",NA,NA,0,NA,NA,NA,NA,NA,0,NA,NA,3,1,"What is your Standard Mandarin (普通话) language READING ability?","radio","Native Speaker;High Proficiency (CEFR C1-C2);Intermediate Proficiency (CEFR B1-B2);Low Proficiency (CEFR A1-A2);No proficiency:exclusive","175%",NA,NA,NA,NA,NA,NA,NA,NA,NA,NA,NA,15210,"Native Speaker",9803,0,1
"645","7",5,"form",NA,NA,0,NA,NA,NA,NA,NA,0,NA,NA,4,NA,"Are you proficient in or learning any other foreign languages? (Please include the name of the language and your proficiency self-assessment.)","box",NA,"175%",NA,NA,NA,NA,NA,NA,NA,NA,NA,NA,NA,15210,NA,9803,0,NA
"646","7",9,"test","BLUE","stim1: blue",2,"practice",NA,"correct: Correct! You responded in %RT% ms ; incorrect: Incorrect! The font color was  BLUE. You responded in %RT% ms","Press 1 for BLACK, <br>2 for <span style=""color:blue;"">BLUE</span>, <br>3 for <span style=""color:green;"">GREEN</span>, and <br>4 for <span style=""color:brown;"">BROWN</span>","word",400,NA,"1 2 3 4",6,NA,NA,NA,NA,"175%",NA,NA,NA,NA,NA,NA,NA,NA,400,12,33.33,68692,"2",5416,1,NA
"647","7",14,"test","NYMPH","stim1: brown",4,"practice",NA,"correct: Correct! You responded in %RT% ms ; incorrect: Incorrect! The font color was  BROWN. You responded in %RT% ms","Press 1 for BLACK, <br>2 for <span style=""color:blue;"">BLUE</span>, <br>3 for <span style=""color:green;"">GREEN</span>, and <br>4 for <span style=""color:brown;"">BROWN</span>","word",400,NA,"1 2 3 4",6,NA,NA,NA,NA,"175%",NA,NA,NA,NA,NA,NA,NA,NA,399,12,33.25,73141,"4",1940,1,NA
"648","7",10,"test","BROWN","stim1: green",3,"practice",NA,"correct: Correct! You responded in %RT% ms ; incorrect: Incorrect! The font color was  GREEN. You responded in %RT% ms","Press 1 for BLACK, <br>2 for <span style=""color:blue;"">BLUE</span>, <br>3 for <span style=""color:green;"">GREEN</span>, and <br>4 for <span style=""color:brown;"">BROWN</span>","word",400,NA,"1 2 3 4",6,NA,NA,NA,NA,"175%",NA,NA,NA,NA,NA,NA,NA,NA,399,12,33.25,76301,"3",1966,1,NA
"649","7",8,"test","GREEN","stim1: black",1,"practice",NA,"correct: Correct! You responded in %RT% ms ; incorrect: Incorrect! The font color was  BLACK. You responded in %RT% ms","Press 1 for BLACK, <br>2 for <span style=""color:blue;"">BLUE</span>, <br>3 for <span style=""color:green;"">GREEN</span>, and <br>4 for <span style=""color:brown;"">BROWN</span>","word",400,NA,"1 2 3 4",6,NA,NA,NA,NA,"175%",NA,NA,NA,NA,NA,NA,NA,NA,399,12,33.25,80004,"1",1904,1,NA
"650","7",7,"test","BLACK","stim1: black",1,"practice",NA,"correct: Correct! You responded in %RT% ms ; incorrect: Incorrect! The font color was  BLACK. You responded in %RT% ms","Press 1 for BLACK, <br>2 for <span style=""color:blue;"">BLUE</span>, <br>3 for <span style=""color:green;"">GREEN</span>, and <br>4 for <span style=""color:brown;"">BROWN</span>","word",400,NA,"1 2 3 4",6,NA,NA,NA,NA,"175%",NA,NA,NA,NA,NA,NA,NA,NA,400,12,33.33,82586,"1",1117,1,NA
"651","7",11,"test","TUSK","stim1: blue",2,"practice",NA,"correct: Correct! You responded in %RT% ms ; incorrect: Incorrect! The font color was  BLUE. You responded in %RT% ms","Press 1 for BLACK, <br>2 for <span style=""color:blue;"">BLUE</span>, <br>3 for <span style=""color:green;"">GREEN</span>, and <br>4 for <span style=""color:brown;"">BROWN</span>","word",400,NA,"1 2 3 4",6,NA,NA,NA,NA,"175%",NA,NA,NA,NA,NA,NA,NA,NA,400,12,33.33,85018,"2",1249,1,NA
"652","7",12,"test","SEPIA","stim1: green",3,"practice",NA,"correct: Correct! You responded in %RT% ms ; incorrect: Incorrect! The font color was  GREEN. You responded in %RT% ms","Press 1 for BLACK, <br>2 for <span style=""color:blue;"">BLUE</span>, <br>3 for <span style=""color:green;"">GREEN</span>, and <br>4 for <span style=""color:brown;"">BROWN</span>","word",400,NA,"1 2 3 4",6,NA,NA,NA,NA,"175%",NA,NA,NA,NA,NA,NA,NA,NA,400,12,33.33,87888,"3",1452,1,NA
"653","7",13,"test","IRK","stim1: brown",4,"practice",NA,"correct: Correct! You responded in %RT% ms ; incorrect: Incorrect! The font color was  BROWN. You responded in %RT% ms","Press 1 for BLACK, <br>2 for <span style=""color:blue;"">BLUE</span>, <br>3 for <span style=""color:green;"">GREEN</span>, and <br>4 for <span style=""color:brown;"">BROWN</span>","word",400,NA,"1 2 3 4",6,NA,NA,NA,NA,"175%",NA,NA,NA,NA,NA,NA,NA,NA,400,12,33.33,90458,"4",1057,1,NA
"654","7",96,"test","NYMPH","stim1: black",1,"filler","control",NA,"Press 1 for BLACK, <br>2 for <span style=""color:blue;"">BLUE</span>, <br>3 for <span style=""color:green;"">GREEN</span>, and <br>4 for <span style=""color:brown;"">BROWN</span>","word",400,NA,"1 2 3 4",8,NA,NA,NA,NA,"175%","nymph","rare","noncolor",2.72,5,"rare_noncolor","control",NA,400,12,33.33,96675,"1",1040,1,NA
"655","7",29,"test","BLACK","stim1: brown",4,"critical","incongruent",NA,"Press 1 for BLACK, <br>2 for <span style=""color:blue;"">BLUE</span>, <br>3 for <span style=""color:green;"">GREEN</span>, and <br>4 for <span style=""color:brown;"">BROWN</span>","word",400,NA,"1 2 3 4",8,NA,NA,NA,NA,"175%","black","common","color",5.26,5,"common_color","incongruent",2,400,12,33.33,98141,"4",1072,1,NA
"656","7",28,"test","BLACK","stim1: brown",4,"critical","incongruent",NA,"Press 1 for BLACK, <br>2 for <span style=""color:blue;"">BLUE</span>, <br>3 for <span style=""color:green;"">GREEN</span>, and <br>4 for <span style=""color:brown;"">BROWN</span>","word",400,NA,"1 2 3 4",8,NA,NA,NA,NA,"175%","black","common","color",5.26,5,"common_color","incongruent",1,400,12,33.33,99625,"4",1092,1,NA
"657","7",64,"test","OCHRE","stim1: black",1,"filler","control",NA,"Press 1 for BLACK, <br>2 for <span style=""color:blue;"">BLUE</span>, <br>3 for <span style=""color:green;"">GREEN</span>, and <br>4 for <span style=""color:brown;"">BROWN</span>","word",400,NA,"1 2 3 4",8,NA,NA,NA,NA,"175%","ochre","rare","color",2.77,5,"rare_color","control",1,401,12,33.42,101025,"1",1022,1,NA
"658","7",102,"test","SLOW","stim1: brown",4,"filler","control",NA,"Press 1 for BLACK, <br>2 for <span style=""color:blue;"">BLUE</span>, <br>3 for <span style=""color:green;"">GREEN</span>, and <br>4 for <span style=""color:brown;"">BROWN</span>","word",400,NA,"1 2 3 4",8,NA,NA,NA,NA,"175%","slow","common","noncolor",4.81,4,"common_noncolor","control",NA,400,12,33.33,102359,"4",957,1,NA
"659","7",70,"test","OCHRE","stim1: green",3,"filler","control",NA,"Press 1 for BLACK, <br>2 for <span style=""color:blue;"">BLUE</span>, <br>3 for <span style=""color:green;"">GREEN</span>, and <br>4 for <span style=""color:brown;"">BROWN</span>","word",400,NA,"1 2 3 4",8,NA,NA,NA,NA,"175%","ochre","rare","color",2.77,5,"rare_color","control",1,400,12,33.33,103572,"3",836,1,NA
"660","7",60,"test","MAUVE","stim1: brown",4,"filler","control",NA,"Press 1 for BLACK, <br>2 for <span style=""color:blue;"">BLUE</span>, <br>3 for <span style=""color:green;"">GREEN</span>, and <br>4 for <span style=""color:brown;"">BROWN</span>","word",400,NA,"1 2 3 4",8,NA,NA,NA,NA,"175%","mauve","rare","color",2.71,5,"rare_color","control",1,400,12,33.33,104706,"4",737,1,NA
"661","7",17,"test","AQUA","stim1: black",1,"filler","control",NA,"Press 1 for BLACK, <br>2 for <span style=""color:blue;"">BLUE</span>, <br>3 for <span style=""color:green;"">GREEN</span>, and <br>4 for <span style=""color:brown;"">BROWN</span>","word",400,NA,"1 2 3 4",8,NA,NA,NA,NA,"175%","aqua","rare","color",2.98,4,"rare_color","control",2,400,12,33.33,106197,"1",1095,1,NA
"662","7",92,"test","IRK","stim1: black",1,"filler","control",NA,"Press 1 for BLACK, <br>2 for <span style=""color:blue;"">BLUE</span>, <br>3 for <span style=""color:green;"">GREEN</span>, and <br>4 for <span style=""color:brown;"">BROWN</span>","word",400,NA,"1 2 3 4",8,NA,NA,NA,NA,"175%","irk","rare","noncolor",1.95,3,"rare_noncolor","control",NA,400,12,33.33,107300,"1",731,1,NA
"663","7",42,"test","BROWN","stim1: blue",2,"critical","incongruent",NA,"Press 1 for BLACK, <br>2 for <span style=""color:blue;"">BLUE</span>, <br>3 for <span style=""color:green;"">GREEN</span>, and <br>4 for <span style=""color:brown;"">BROWN</span>","word",400,NA,"1 2 3 4",8,NA,NA,NA,NA,"175%","brown","common","color",5.01,5,"common_color","incongruent",1,400,12,33.33,108598,"2",895,1,NA
"664","7",86,"test","BIG","stim1: brown",4,"filler","control",NA,"Press 1 for BLACK, <br>2 for <span style=""color:blue;"">BLUE</span>, <br>3 for <span style=""color:green;"">GREEN</span>, and <br>4 for <span style=""color:brown;"">BROWN</span>","word",400,NA,"1 2 3 4",8,NA,NA,NA,NA,"175%","big","common","noncolor",5.94,3,"common_noncolor","control",NA,400,12,33.33,109986,"4",1018,1,NA
"665","7",79,"test","SEPIA","stim1: green",3,"filler","control",NA,"Press 1 for BLACK, <br>2 for <span style=""color:blue;"">BLUE</span>, <br>3 for <span style=""color:green;"">GREEN</span>, and <br>4 for <span style=""color:brown;"">BROWN</span>","word",400,NA,"1 2 3 4",8,NA,NA,NA,NA,"175%","sepia","rare","color",2.38,5,"rare_color","control",2,399,12,33.25,111138,"3",769,1,NA
"666","7",58,"test","MAUVE","stim1: blue",2,"filler","control",NA,"Press 1 for BLACK, <br>2 for <span style=""color:blue;"">BLUE</span>, <br>3 for <span style=""color:green;"">GREEN</span>, and <br>4 for <span style=""color:brown;"">BROWN</span>","word",400,NA,"1 2 3 4",8,NA,NA,NA,NA,"175%","mauve","rare","color",2.71,5,"rare_color","control",1,399,12,33.25,113244,"2",1709,1,NA
"667","7",50,"test","GREEN","stim1: blue",2,"critical","incongruent",NA,"Press 1 for BLACK, <br>2 for <span style=""color:blue;"">BLUE</span>, <br>3 for <span style=""color:green;"">GREEN</span>, and <br>4 for <span style=""color:brown;"">BROWN</span>","word",400,NA,"1 2 3 4",8,NA,NA,NA,NA,"175%","green","common","color",5.22,5,"common_color","incongruent",1,400,12,33.33,114284,"2",648,1,NA
"668","7",48,"test","GREEN","stim1: black",1,"critical","incongruent",NA,"Press 1 for BLACK, <br>2 for <span style=""color:blue;"">BLUE</span>, <br>3 for <span style=""color:green;"">GREEN</span>, and <br>4 for <span style=""color:brown;"">BROWN</span>","word",400,NA,"1 2 3 4",8,NA,NA,NA,NA,"175%","green","common","color",5.22,5,"common_color","incongruent",1,399,12,33.25,115325,"1",656,1,NA
"669","7",62,"test","MAUVE","stim1: green",3,"filler","control",NA,"Press 1 for BLACK, <br>2 for <span style=""color:blue;"">BLUE</span>, <br>3 for <span style=""color:green;"">GREEN</span>, and <br>4 for <span style=""color:brown;"">BROWN</span>","word",400,NA,"1 2 3 4",8,NA,NA,NA,NA,"175%","mauve","rare","color",2.71,5,"rare_color","control",1,399,12,33.25,116467,"2",765,0,NA
"670","7",33,"test","BLUE","stim1: black",1,"critical","incongruent",NA,"Press 1 for BLACK, <br>2 for <span style=""color:blue;"">BLUE</span>, <br>3 for <span style=""color:green;"">GREEN</span>, and <br>4 for <span style=""color:brown;"">BROWN</span>","word",400,NA,"1 2 3 4",8,NA,NA,NA,NA,"175%","blue","common","color",5.16,4,"common_color","incongruent",2,399,12,33.25,118155,"1",1288,1,NA
"671","7",106,"test","SMALL","stim1: brown",4,"filler","control",NA,"Press 1 for BLACK, <br>2 for <span style=""color:blue;"">BLUE</span>, <br>3 for <span style=""color:green;"">GREEN</span>, and <br>4 for <span style=""color:brown;"">BROWN</span>","word",400,NA,"1 2 3 4",8,NA,NA,NA,NA,"175%","small","common","noncolor",5.43,5,"common_noncolor","control",NA,400,12,33.33,119443,"4",907,1,NA
"672","7",37,"test","BLUE","stim1: brown",4,"critical","incongruent",NA,"Press 1 for BLACK, <br>2 for <span style=""color:blue;"">BLUE</span>, <br>3 for <span style=""color:green;"">GREEN</span>, and <br>4 for <span style=""color:brown;"">BROWN</span>","word",400,NA,"1 2 3 4",8,NA,NA,NA,NA,"175%","blue","common","color",5.16,4,"common_color","incongruent",2,400,12,33.33,120700,"4",864,1,NA
"673","7",76,"test","SEPIA","stim1: brown",4,"filler","control",NA,"Press 1 for BLACK, <br>2 for <span style=""color:blue;"">BLUE</span>, <br>3 for <span style=""color:green;"">GREEN</span>, and <br>4 for <span style=""color:brown;"">BROWN</span>","word",400,NA,"1 2 3 4",8,NA,NA,NA,NA,"175%","sepia","rare","color",2.38,5,"rare_color","control",1,401,12,33.42,121667,"4",564,1,NA
"674","7",53,"test","GREEN","stim1: brown",4,"critical","incongruent",NA,"Press 1 for BLACK, <br>2 for <span style=""color:blue;"">BLUE</span>, <br>3 for <span style=""color:green;"">GREEN</span>, and <br>4 for <span style=""color:brown;"">BROWN</span>","word",400,NA,"1 2 3 4",8,NA,NA,NA,NA,"175%","green","common","color",5.22,5,"common_color","incongruent",2,401,12,33.42,122813,"4",744,1,NA
"675","7",91,"test","FAST","stim1: green",3,"filler","control",NA,"Press 1 for BLACK, <br>2 for <span style=""color:blue;"">BLUE</span>, <br>3 for <span style=""color:green;"">GREEN</span>, and <br>4 for <span style=""color:brown;"">BROWN</span>","word",400,NA,"1 2 3 4",8,NA,NA,NA,NA,"175%","fast","common","noncolor",5.09,4,"common_noncolor","control",NA,400,12,33.33,124128,"3",925,1,NA
"676","7",85,"test","BIG","stim1: blue",2,"filler","control",NA,"Press 1 for BLACK, <br>2 for <span style=""color:blue;"">BLUE</span>, <br>3 for <span style=""color:green;"">GREEN</span>, and <br>4 for <span style=""color:brown;"">BROWN</span>","word",400,NA,"1 2 3 4",8,NA,NA,NA,NA,"175%","big","common","noncolor",5.94,3,"common_noncolor","control",NA,400,12,33.33,125422,"2",920,1,NA
"677","7",98,"test","NYMPH","stim1: brown",4,"filler","control",NA,"Press 1 for BLACK, <br>2 for <span style=""color:blue;"">BLUE</span>, <br>3 for <span style=""color:green;"">GREEN</span>, and <br>4 for <span style=""color:brown;"">BROWN</span>","word",400,NA,"1 2 3 4",8,NA,NA,NA,NA,"175%","nymph","rare","noncolor",2.72,5,"rare_noncolor","control",NA,400,12,33.33,126702,"4",899,1,NA
"678","7",31,"test","BLACK","stim1: green",3,"critical","incongruent",NA,"Press 1 for BLACK, <br>2 for <span style=""color:blue;"">BLUE</span>, <br>3 for <span style=""color:green;"">GREEN</span>, and <br>4 for <span style=""color:brown;"">BROWN</span>","word",400,NA,"1 2 3 4",8,NA,NA,NA,NA,"175%","black","common","color",5.26,5,"common_color","incongruent",2,400,12,33.33,127903,"3",800,1,NA
"679","7",72,"test","SEPIA","stim1: black",1,"filler","control",NA,"Press 1 for BLACK, <br>2 for <span style=""color:blue;"">BLUE</span>, <br>3 for <span style=""color:green;"">GREEN</span>, and <br>4 for <span style=""color:brown;"">BROWN</span>","word",400,NA,"1 2 3 4",8,NA,NA,NA,NA,"175%","sepia","rare","color",2.38,5,"rare_color","control",1,400,12,33.33,129027,"1",725,1,NA
"680","7",97,"test","NYMPH","stim1: blue",2,"filler","control",NA,"Press 1 for BLACK, <br>2 for <span style=""color:blue;"">BLUE</span>, <br>3 for <span style=""color:green;"">GREEN</span>, and <br>4 for <span style=""color:brown;"">BROWN</span>","word",400,NA,"1 2 3 4",8,NA,NA,NA,NA,"175%","nymph","rare","noncolor",2.72,5,"rare_noncolor","control",NA,400,12,33.33,130368,"2",966,1,NA
"681","7",39,"test","BLUE","stim1: green",3,"critical","incongruent",NA,"Press 1 for BLACK, <br>2 for <span style=""color:blue;"">BLUE</span>, <br>3 for <span style=""color:green;"">GREEN</span>, and <br>4 for <span style=""color:brown;"">BROWN</span>","word",400,NA,"1 2 3 4",8,NA,NA,NA,NA,"175%","blue","common","color",5.16,4,"common_color","incongruent",2,399,12,33.25,131652,"3",883,1,NA
"682","7",94,"test","IRK","stim1: brown",4,"filler","control",NA,"Press 1 for BLACK, <br>2 for <span style=""color:blue;"">BLUE</span>, <br>3 for <span style=""color:green;"">GREEN</span>, and <br>4 for <span style=""color:brown;"">BROWN</span>","word",400,NA,"1 2 3 4",8,NA,NA,NA,NA,"175%","irk","rare","noncolor",1.95,3,"rare_noncolor","control",NA,400,12,33.33,132860,"4",824,1,NA
"683","7",111,"test","TUSK","stim1: green",3,"filler","control",NA,"Press 1 for BLACK, <br>2 for <span style=""color:blue;"">BLUE</span>, <br>3 for <span style=""color:green;"">GREEN</span>, and <br>4 for <span style=""color:brown;"">BROWN</span>","word",400,NA,"1 2 3 4",8,NA,NA,NA,NA,"175%","tusk","rare","noncolor",3,4,"rare_noncolor","control",NA,400,12,33.33,134508,"3",1272,1,NA
"684","7",61,"test","MAUVE","stim1: brown",4,"filler","control",NA,"Press 1 for BLACK, <br>2 for <span style=""color:blue;"">BLUE</span>, <br>3 for <span style=""color:green;"">GREEN</span>, and <br>4 for <span style=""color:brown;"">BROWN</span>","word",400,NA,"1 2 3 4",8,NA,NA,NA,NA,"175%","mauve","rare","color",2.71,5,"rare_color","control",2,400,12,33.33,135759,"4",857,1,NA
"685","7",30,"test","BLACK","stim1: green",3,"critical","incongruent",NA,"Press 1 for BLACK, <br>2 for <span style=""color:blue;"">BLUE</span>, <br>3 for <span style=""color:green;"">GREEN</span>, and <br>4 for <span style=""color:brown;"">BROWN</span>","word",400,NA,"1 2 3 4",8,NA,NA,NA,NA,"175%","black","common","color",5.26,5,"common_color","incongruent",1,400,12,33.33,136962,"3",827,1,NA
"686","7",20,"test","AQUA","stim1: brown",4,"filler","control",NA,"Press 1 for BLACK, <br>2 for <span style=""color:blue;"">BLUE</span>, <br>3 for <span style=""color:green;"">GREEN</span>, and <br>4 for <span style=""color:brown;"">BROWN</span>","word",400,NA,"1 2 3 4",8,NA,NA,NA,NA,"175%","aqua","rare","color",2.98,4,"rare_color","control",1,401,12,33.42,138810,"4",1474,1,NA
"687","7",77,"test","SEPIA","stim1: brown",4,"filler","control",NA,"Press 1 for BLACK, <br>2 for <span style=""color:blue;"">BLUE</span>, <br>3 for <span style=""color:green;"">GREEN</span>, and <br>4 for <span style=""color:brown;"">BROWN</span>","word",400,NA,"1 2 3 4",8,NA,NA,NA,NA,"175%","sepia","rare","color",2.38,5,"rare_color","control",2,400,12,33.33,139853,"4",650,1,NA
"688","7",56,"test","MAUVE","stim1: black",1,"filler","control",NA,"Press 1 for BLACK, <br>2 for <span style=""color:blue;"">BLUE</span>, <br>3 for <span style=""color:green;"">GREEN</span>, and <br>4 for <span style=""color:brown;"">BROWN</span>","word",400,NA,"1 2 3 4",8,NA,NA,NA,NA,"175%","mauve","rare","color",2.71,5,"rare_color","control",1,400,12,33.33,141144,"1",908,1,NA
"689","7",54,"test","GREEN","stim1: green",3,"critical","congruent",NA,"Press 1 for BLACK, <br>2 for <span style=""color:blue;"">BLUE</span>, <br>3 for <span style=""color:green;"">GREEN</span>, and <br>4 for <span style=""color:brown;"">BROWN</span>","word",400,NA,"1 2 3 4",8,NA,NA,NA,NA,"175%","green","common","color",5.22,5,"common_color","congruent",1,400,12,33.33,142551,"3",1015,1,NA
"690","7",65,"test","OCHRE","stim1: black",1,"filler","control",NA,"Press 1 for BLACK, <br>2 for <span style=""color:blue;"">BLUE</span>, <br>3 for <span style=""color:green;"">GREEN</span>, and <br>4 for <span style=""color:brown;"">BROWN</span>","word",400,NA,"1 2 3 4",8,NA,NA,NA,NA,"175%","ochre","rare","color",2.77,5,"rare_color","control",2,400,12,33.33,143754,"1",817,1,NA
"691","7",80,"test","APEX","stim1: black",1,"filler","control",NA,"Press 1 for BLACK, <br>2 for <span style=""color:blue;"">BLUE</span>, <br>3 for <span style=""color:green;"">GREEN</span>, and <br>4 for <span style=""color:brown;"">BROWN</span>","word",400,NA,"1 2 3 4",8,NA,NA,NA,NA,"175%","apex","rare","noncolor",2.96,4,"rare_noncolor","control",NA,400,12,33.33,145040,"1",904,1,NA
"692","7",18,"test","AQUA","stim1: blue",2,"filler","control",NA,"Press 1 for BLACK, <br>2 for <span style=""color:blue;"">BLUE</span>, <br>3 for <span style=""color:green;"">GREEN</span>, and <br>4 for <span style=""color:brown;"">BROWN</span>","word",400,NA,"1 2 3 4",8,NA,NA,NA,NA,"175%","aqua","rare","color",2.98,4,"rare_color","control",1,400,12,33.33,146110,"2",674,1,NA
"693","7",27,"test","BLACK","stim1: blue",2,"critical","incongruent",NA,"Press 1 for BLACK, <br>2 for <span style=""color:blue;"">BLUE</span>, <br>3 for <span style=""color:green;"">GREEN</span>, and <br>4 for <span style=""color:brown;"">BROWN</span>","word",400,NA,"1 2 3 4",8,NA,NA,NA,NA,"175%","black","common","color",5.26,5,"common_color","incongruent",2,399,12,33.25,147166,"2",665,1,NA
"694","7",19,"test","AQUA","stim1: blue",2,"filler","control",NA,"Press 1 for BLACK, <br>2 for <span style=""color:blue;"">BLUE</span>, <br>3 for <span style=""color:green;"">GREEN</span>, and <br>4 for <span style=""color:brown;"">BROWN</span>","word",400,NA,"1 2 3 4",8,NA,NA,NA,NA,"175%","aqua","rare","color",2.98,4,"rare_color","control",2,401,12,33.42,148163,"2",594,1,NA
"695","7",46,"test","BROWN","stim1: green",3,"critical","incongruent",NA,"Press 1 for BLACK, <br>2 for <span style=""color:blue;"">BLUE</span>, <br>3 for <span style=""color:green;"">GREEN</span>, and <br>4 for <span style=""color:brown;"">BROWN</span>","word",400,NA,"1 2 3 4",8,NA,NA,NA,NA,"175%","brown","common","color",5.01,5,"common_color","incongruent",1,400,12,33.33,149706,"3",1171,1,NA
"696","7",109,"test","TUSK","stim1: blue",2,"filler","control",NA,"Press 1 for BLACK, <br>2 for <span style=""color:blue;"">BLUE</span>, <br>3 for <span style=""color:green;"">GREEN</span>, and <br>4 for <span style=""color:brown;"">BROWN</span>","word",400,NA,"1 2 3 4",8,NA,NA,NA,NA,"175%","tusk","rare","noncolor",3,4,"rare_noncolor","control",NA,400,12,33.33,151185,"2",1082,1,NA
"697","7",104,"test","SMALL","stim1: black",1,"filler","control",NA,"Press 1 for BLACK, <br>2 for <span style=""color:blue;"">BLUE</span>, <br>3 for <span style=""color:green;"">GREEN</span>, and <br>4 for <span style=""color:brown;"">BROWN</span>","word",400,NA,"1 2 3 4",8,NA,NA,NA,NA,"175%","small","common","noncolor",5.43,5,"common_noncolor","control",NA,401,12,33.42,152610,"1",1040,1,NA
"698","7",57,"test","MAUVE","stim1: black",1,"filler","control",NA,"Press 1 for BLACK, <br>2 for <span style=""color:blue;"">BLUE</span>, <br>3 for <span style=""color:green;"">GREEN</span>, and <br>4 for <span style=""color:brown;"">BROWN</span>","word",400,NA,"1 2 3 4",8,NA,NA,NA,NA,"175%","mauve","rare","color",2.71,5,"rare_color","control",2,401,12,33.42,153552,"1",549,1,NA
"699","7",101,"test","SLOW","stim1: blue",2,"filler","control",NA,"Press 1 for BLACK, <br>2 for <span style=""color:blue;"">BLUE</span>, <br>3 for <span style=""color:green;"">GREEN</span>, and <br>4 for <span style=""color:brown;"">BROWN</span>","word",400,NA,"1 2 3 4",8,NA,NA,NA,NA,"175%","slow","common","noncolor",4.81,4,"common_noncolor","control",NA,400,12,33.33,155165,"2",1229,1,NA
"700","7",100,"test","SLOW","stim1: black",1,"filler","control",NA,"Press 1 for BLACK, <br>2 for <span style=""color:blue;"">BLUE</span>, <br>3 for <span style=""color:green;"">GREEN</span>, and <br>4 for <span style=""color:brown;"">BROWN</span>","word",400,NA,"1 2 3 4",8,NA,NA,NA,NA,"175%","slow","common","noncolor",4.81,4,"common_noncolor","control",NA,400,12,33.33,156410,"1",874,1,NA
"701","7",21,"test","AQUA","stim1: brown",4,"filler","control",NA,"Press 1 for BLACK, <br>2 for <span style=""color:blue;"">BLUE</span>, <br>3 for <span style=""color:green;"">GREEN</span>, and <br>4 for <span style=""color:brown;"">BROWN</span>","word",400,NA,"1 2 3 4",8,NA,NA,NA,NA,"175%","aqua","rare","color",2.98,4,"rare_color","control",2,400,12,33.33,157671,"4",869,1,NA
"702","7",34,"test","BLUE","stim1: blue",2,"critical","congruent",NA,"Press 1 for BLACK, <br>2 for <span style=""color:blue;"">BLUE</span>, <br>3 for <span style=""color:green;"">GREEN</span>, and <br>4 for <span style=""color:brown;"">BROWN</span>","word",400,NA,"1 2 3 4",8,NA,NA,NA,NA,"175%","blue","common","color",5.16,4,"common_color","congruent",1,400,12,33.33,159605,"2",1539,1,NA
"703","7",47,"test","BROWN","stim1: green",3,"critical","incongruent",NA,"Press 1 for BLACK, <br>2 for <span style=""color:blue;"">BLUE</span>, <br>3 for <span style=""color:green;"">GREEN</span>, and <br>4 for <span style=""color:brown;"">BROWN</span>","word",400,NA,"1 2 3 4",8,NA,NA,NA,NA,"175%","brown","common","color",5.01,5,"common_color","incongruent",2,399,12,33.25,160988,"3",986,1,NA
"704","7",43,"test","BROWN","stim1: blue",2,"critical","incongruent",NA,"Press 1 for BLACK, <br>2 for <span style=""color:blue;"">BLUE</span>, <br>3 for <span style=""color:green;"">GREEN</span>, and <br>4 for <span style=""color:brown;"">BROWN</span>","word",400,NA,"1 2 3 4",8,NA,NA,NA,NA,"175%","brown","common","color",5.01,5,"common_color","incongruent",2,400,12,33.33,162595,"2",1226,1,NA
"705","7",68,"test","OCHRE","stim1: brown",4,"filler","control",NA,"Press 1 for BLACK, <br>2 for <span style=""color:blue;"">BLUE</span>, <br>3 for <span style=""color:green;"">GREEN</span>, and <br>4 for <span style=""color:brown;"">BROWN</span>","word",400,NA,"1 2 3 4",8,NA,NA,NA,NA,"175%","ochre","rare","color",2.77,5,"rare_color","control",1,400,12,33.33,164729,"4",1760,1,NA
"706","7",74,"test","SEPIA","stim1: blue",2,"filler","control",NA,"Press 1 for BLACK, <br>2 for <span style=""color:blue;"">BLUE</span>, <br>3 for <span style=""color:green;"">GREEN</span>, and <br>4 for <span style=""color:brown;"">BROWN</span>","word",400,NA,"1 2 3 4",8,NA,NA,NA,NA,"175%","sepia","rare","color",2.38,5,"rare_color","control",1,400,12,33.33,166326,"2",1224,1,NA
"707","7",87,"test","BIG","stim1: green",3,"filler","control",NA,"Press 1 for BLACK, <br>2 for <span style=""color:blue;"">BLUE</span>, <br>3 for <span style=""color:green;"">GREEN</span>, and <br>4 for <span style=""color:brown;"">BROWN</span>","word",400,NA,"1 2 3 4",8,NA,NA,NA,NA,"175%","big","common","noncolor",5.94,3,"common_noncolor","control",NA,400,12,33.33,167539,"3",837,1,NA
"708","7",93,"test","IRK","stim1: blue",2,"filler","control",NA,"Press 1 for BLACK, <br>2 for <span style=""color:blue;"">BLUE</span>, <br>3 for <span style=""color:green;"">GREEN</span>, and <br>4 for <span style=""color:brown;"">BROWN</span>","word",400,NA,"1 2 3 4",8,NA,NA,NA,NA,"175%","irk","rare","noncolor",1.95,3,"rare_noncolor","control",NA,400,12,33.33,168728,"2",792,1,NA
"709","7",63,"test","MAUVE","stim1: green",3,"filler","control",NA,"Press 1 for BLACK, <br>2 for <span style=""color:blue;"">BLUE</span>, <br>3 for <span style=""color:green;"">GREEN</span>, and <br>4 for <span style=""color:brown;"">BROWN</span>","word",400,NA,"1 2 3 4",8,NA,NA,NA,NA,"175%","mauve","rare","color",2.71,5,"rare_color","control",2,400,12,33.33,170022,"3",921,1,NA
"710","7",41,"test","BROWN","stim1: black",1,"critical","incongruent",NA,"Press 1 for BLACK, <br>2 for <span style=""color:blue;"">BLUE</span>, <br>3 for <span style=""color:green;"">GREEN</span>, and <br>4 for <span style=""color:brown;"">BROWN</span>","word",400,NA,"1 2 3 4",8,NA,NA,NA,NA,"175%","brown","common","color",5.01,5,"common_color","incongruent",2,400,12,33.33,171053,"1",650,1,NA
"711","7",35,"test","BLUE","stim1: blue",2,"critical","congruent",NA,"Press 1 for BLACK, <br>2 for <span style=""color:blue;"">BLUE</span>, <br>3 for <span style=""color:green;"">GREEN</span>, and <br>4 for <span style=""color:brown;"">BROWN</span>","word",400,NA,"1 2 3 4",8,NA,NA,NA,NA,"175%","blue","common","color",5.16,4,"common_color","congruent",2,401,12,33.42,172713,"2",1277,1,NA
"712","7",23,"test","AQUA","stim1: green",3,"filler","control",NA,"Press 1 for BLACK, <br>2 for <span style=""color:blue;"">BLUE</span>, <br>3 for <span style=""color:green;"">GREEN</span>, and <br>4 for <span style=""color:brown;"">BROWN</span>","word",400,NA,"1 2 3 4",8,NA,NA,NA,NA,"175%","aqua","rare","color",2.98,4,"rare_color","control",2,400,12,33.33,174288,"3",1185,1,NA
"713","7",67,"test","OCHRE","stim1: blue",2,"filler","control",NA,"Press 1 for BLACK, <br>2 for <span style=""color:blue;"">BLUE</span>, <br>3 for <span style=""color:green;"">GREEN</span>, and <br>4 for <span style=""color:brown;"">BROWN</span>","word",400,NA,"1 2 3 4",8,NA,NA,NA,NA,"175%","ochre","rare","color",2.77,5,"rare_color","control",2,400,12,33.33,177392,"2",2723,1,NA
"714","7",66,"test","OCHRE","stim1: blue",2,"filler","control",NA,"Press 1 for BLACK, <br>2 for <span style=""color:blue;"">BLUE</span>, <br>3 for <span style=""color:green;"">GREEN</span>, and <br>4 for <span style=""color:brown;"">BROWN</span>","word",400,NA,"1 2 3 4",8,NA,NA,NA,NA,"175%","ochre","rare","color",2.77,5,"rare_color","control",1,400,12,33.33,178363,"2",593,1,NA
"715","7",78,"test","SEPIA","stim1: green",3,"filler","control",NA,"Press 1 for BLACK, <br>2 for <span style=""color:blue;"">BLUE</span>, <br>3 for <span style=""color:green;"">GREEN</span>, and <br>4 for <span style=""color:brown;"">BROWN</span>","word",400,NA,"1 2 3 4",8,NA,NA,NA,NA,"175%","sepia","rare","color",2.38,5,"rare_color","control",1,400,12,33.33,179600,"3",864,1,NA
"716","7",105,"test","SMALL","stim1: blue",2,"filler","control",NA,"Press 1 for BLACK, <br>2 for <span style=""color:blue;"">BLUE</span>, <br>3 for <span style=""color:green;"">GREEN</span>, and <br>4 for <span style=""color:brown;"">BROWN</span>","word",400,NA,"1 2 3 4",8,NA,NA,NA,NA,"175%","small","common","noncolor",5.43,5,"common_noncolor","control",NA,400,12,33.33,180569,"2",566,1,NA
"717","7",24,"test","BLACK","stim1: black",1,"critical","congruent",NA,"Press 1 for BLACK, <br>2 for <span style=""color:blue;"">BLUE</span>, <br>3 for <span style=""color:green;"">GREEN</span>, and <br>4 for <span style=""color:brown;"">BROWN</span>","word",400,NA,"1 2 3 4",8,NA,NA,NA,NA,"175%","black","common","color",5.26,5,"common_color","congruent",1,400,12,33.33,181473,"1",504,1,NA
"718","7",89,"test","FAST","stim1: blue",2,"filler","control",NA,"Press 1 for BLACK, <br>2 for <span style=""color:blue;"">BLUE</span>, <br>3 for <span style=""color:green;"">GREEN</span>, and <br>4 for <span style=""color:brown;"">BROWN</span>","word",400,NA,"1 2 3 4",8,NA,NA,NA,NA,"175%","fast","common","noncolor",5.09,4,"common_noncolor","control",NA,399,12,33.25,183149,"2",1280,1,NA
"719","7",44,"test","BROWN","stim1: brown",4,"critical","congruent",NA,"Press 1 for BLACK, <br>2 for <span style=""color:blue;"">BLUE</span>, <br>3 for <span style=""color:green;"">GREEN</span>, and <br>4 for <span style=""color:brown;"">BROWN</span>","word",400,NA,"1 2 3 4",8,NA,NA,NA,NA,"175%","brown","common","color",5.01,5,"common_color","congruent",1,400,12,33.33,184291,"4",755,1,NA
"720","7",81,"test","APEX","stim1: blue",2,"filler","control",NA,"Press 1 for BLACK, <br>2 for <span style=""color:blue;"">BLUE</span>, <br>3 for <span style=""color:green;"">GREEN</span>, and <br>4 for <span style=""color:brown;"">BROWN</span>","word",400,NA,"1 2 3 4",8,NA,NA,NA,NA,"175%","apex","rare","noncolor",2.96,4,"rare_noncolor","control",NA,400,12,33.33,186538,"3",1868,0,NA
"721","7",103,"test","SLOW","stim1: green",3,"filler","control",NA,"Press 1 for BLACK, <br>2 for <span style=""color:blue;"">BLUE</span>, <br>3 for <span style=""color:green;"">GREEN</span>, and <br>4 for <span style=""color:brown;"">BROWN</span>","word",400,NA,"1 2 3 4",8,NA,NA,NA,NA,"175%","slow","common","noncolor",4.81,4,"common_noncolor","control",NA,400,12,33.33,187969,"3",1033,1,NA
"722","7",110,"test","TUSK","stim1: brown",4,"filler","control",NA,"Press 1 for BLACK, <br>2 for <span style=""color:blue;"">BLUE</span>, <br>3 for <span style=""color:green;"">GREEN</span>, and <br>4 for <span style=""color:brown;"">BROWN</span>","word",400,NA,"1 2 3 4",8,NA,NA,NA,NA,"175%","tusk","rare","noncolor",3,4,"rare_noncolor","control",NA,400,12,33.33,189779,"4",1410,1,NA
"723","7",108,"test","TUSK","stim1: black",1,"filler","control",NA,"Press 1 for BLACK, <br>2 for <span style=""color:blue;"">BLUE</span>, <br>3 for <span style=""color:green;"">GREEN</span>, and <br>4 for <span style=""color:brown;"">BROWN</span>","word",400,NA,"1 2 3 4",8,NA,NA,NA,NA,"175%","tusk","rare","noncolor",3,4,"rare_noncolor","control",NA,400,12,33.33,190999,"1",830,1,NA
"724","7",45,"test","BROWN","stim1: brown",4,"critical","congruent",NA,"Press 1 for BLACK, <br>2 for <span style=""color:blue;"">BLUE</span>, <br>3 for <span style=""color:green;"">GREEN</span>, and <br>4 for <span style=""color:brown;"">BROWN</span>","word",400,NA,"1 2 3 4",8,NA,NA,NA,NA,"175%","brown","common","color",5.01,5,"common_color","congruent",2,400,12,33.33,192253,"4",884,1,NA
"725","7",99,"test","NYMPH","stim1: green",3,"filler","control",NA,"Press 1 for BLACK, <br>2 for <span style=""color:blue;"">BLUE</span>, <br>3 for <span style=""color:green;"">GREEN</span>, and <br>4 for <span style=""color:brown;"">BROWN</span>","word",400,NA,"1 2 3 4",8,NA,NA,NA,NA,"175%","nymph","rare","noncolor",2.72,5,"rare_noncolor","control",NA,400,12,33.33,194108,"3",1472,1,NA
"726","7",84,"test","BIG","stim1: black",1,"filler","control",NA,"Press 1 for BLACK, <br>2 for <span style=""color:blue;"">BLUE</span>, <br>3 for <span style=""color:green;"">GREEN</span>, and <br>4 for <span style=""color:brown;"">BROWN</span>","word",400,NA,"1 2 3 4",8,NA,NA,NA,NA,"175%","big","common","noncolor",5.94,3,"common_noncolor","control",NA,399,12,33.25,195189,"1",686,1,NA
"727","7",49,"test","GREEN","stim1: black",1,"critical","incongruent",NA,"Press 1 for BLACK, <br>2 for <span style=""color:blue;"">BLUE</span>, <br>3 for <span style=""color:green;"">GREEN</span>, and <br>4 for <span style=""color:brown;"">BROWN</span>","word",400,NA,"1 2 3 4",8,NA,NA,NA,NA,"175%","green","common","color",5.22,5,"common_color","incongruent",2,400,12,33.33,196150,"1",581,1,NA
"728","7",16,"test","AQUA","stim1: black",1,"filler","control",NA,"Press 1 for BLACK, <br>2 for <span style=""color:blue;"">BLUE</span>, <br>3 for <span style=""color:green;"">GREEN</span>, and <br>4 for <span style=""color:brown;"">BROWN</span>","word",400,NA,"1 2 3 4",8,NA,NA,NA,NA,"175%","aqua","rare","color",2.98,4,"rare_color","control",1,400,12,33.33,197049,"1",513,1,NA
"729","7",22,"test","AQUA","stim1: green",3,"filler","control",NA,"Press 1 for BLACK, <br>2 for <span style=""color:blue;"">BLUE</span>, <br>3 for <span style=""color:green;"">GREEN</span>, and <br>4 for <span style=""color:brown;"">BROWN</span>","word",400,NA,"1 2 3 4",8,NA,NA,NA,NA,"175%","aqua","rare","color",2.98,4,"rare_color","control",1,400,12,33.33,198271,"2",834,0,NA
"730","7",38,"test","BLUE","stim1: green",3,"critical","incongruent",NA,"Press 1 for BLACK, <br>2 for <span style=""color:blue;"">BLUE</span>, <br>3 for <span style=""color:green;"">GREEN</span>, and <br>4 for <span style=""color:brown;"">BROWN</span>","word",400,NA,"1 2 3 4",8,NA,NA,NA,NA,"175%","blue","common","color",5.16,4,"common_color","incongruent",1,400,12,33.33,199478,"3",809,1,NA
"731","7",71,"test","OCHRE","stim1: green",3,"filler","control",NA,"Press 1 for BLACK, <br>2 for <span style=""color:blue;"">BLUE</span>, <br>3 for <span style=""color:green;"">GREEN</span>, and <br>4 for <span style=""color:brown;"">BROWN</span>","word",400,NA,"1 2 3 4",8,NA,NA,NA,NA,"175%","ochre","rare","color",2.77,5,"rare_color","control",2,400,12,33.33,200445,"3",575,1,NA
"732","7",51,"test","GREEN","stim1: blue",2,"critical","incongruent",NA,"Press 1 for BLACK, <br>2 for <span style=""color:blue;"">BLUE</span>, <br>3 for <span style=""color:green;"">GREEN</span>, and <br>4 for <span style=""color:brown;"">BROWN</span>","word",400,NA,"1 2 3 4",8,NA,NA,NA,NA,"175%","green","common","color",5.22,5,"common_color","incongruent",2,401,12,33.42,201573,"2",737,1,NA
"733","7",90,"test","FAST","stim1: brown",4,"filler","control",NA,"Press 1 for BLACK, <br>2 for <span style=""color:blue;"">BLUE</span>, <br>3 for <span style=""color:green;"">GREEN</span>, and <br>4 for <span style=""color:brown;"">BROWN</span>","word",400,NA,"1 2 3 4",8,NA,NA,NA,NA,"175%","fast","common","noncolor",5.09,4,"common_noncolor","control",NA,400,12,33.33,203204,"4",1234,1,NA
"734","7",26,"test","BLACK","stim1: blue",2,"critical","incongruent",NA,"Press 1 for BLACK, <br>2 for <span style=""color:blue;"">BLUE</span>, <br>3 for <span style=""color:green;"">GREEN</span>, and <br>4 for <span style=""color:brown;"">BROWN</span>","word",400,NA,"1 2 3 4",8,NA,NA,NA,NA,"175%","black","common","color",5.26,5,"common_color","incongruent",1,400,12,33.33,205836,"2",2233,1,NA
"735","7",40,"test","BROWN","stim1: black",1,"critical","incongruent",NA,"Press 1 for BLACK, <br>2 for <span style=""color:blue;"">BLUE</span>, <br>3 for <span style=""color:green;"">GREEN</span>, and <br>4 for <span style=""color:brown;"">BROWN</span>","word",400,NA,"1 2 3 4",8,NA,NA,NA,NA,"175%","brown","common","color",5.01,5,"common_color","incongruent",1,400,12,33.33,207058,"1",821,1,NA
"736","7",75,"test","SEPIA","stim1: blue",2,"filler","control",NA,"Press 1 for BLACK, <br>2 for <span style=""color:blue;"">BLUE</span>, <br>3 for <span style=""color:green;"">GREEN</span>, and <br>4 for <span style=""color:brown;"">BROWN</span>","word",400,NA,"1 2 3 4",8,NA,NA,NA,NA,"175%","sepia","rare","color",2.38,5,"rare_color","control",2,400,12,33.33,208229,"2",792,1,NA
"737","7",73,"test","SEPIA","stim1: black",1,"filler","control",NA,"Press 1 for BLACK, <br>2 for <span style=""color:blue;"">BLUE</span>, <br>3 for <span style=""color:green;"">GREEN</span>, and <br>4 for <span style=""color:brown;"">BROWN</span>","word",400,NA,"1 2 3 4",8,NA,NA,NA,NA,"175%","sepia","rare","color",2.38,5,"rare_color","control",2,399,12,33.25,209272,"1",670,1,NA
"738","7",88,"test","FAST","stim1: black",1,"filler","control",NA,"Press 1 for BLACK, <br>2 for <span style=""color:blue;"">BLUE</span>, <br>3 for <span style=""color:green;"">GREEN</span>, and <br>4 for <span style=""color:brown;"">BROWN</span>","word",400,NA,"1 2 3 4",8,NA,NA,NA,NA,"175%","fast","common","noncolor",5.09,4,"common_noncolor","control",NA,400,12,33.33,210449,"1",780,1,NA
"739","7",83,"test","APEX","stim1: green",3,"filler","control",NA,"Press 1 for BLACK, <br>2 for <span style=""color:blue;"">BLUE</span>, <br>3 for <span style=""color:green;"">GREEN</span>, and <br>4 for <span style=""color:brown;"">BROWN</span>","word",400,NA,"1 2 3 4",8,NA,NA,NA,NA,"175%","apex","rare","noncolor",2.96,4,"rare_noncolor","control",NA,400,12,33.33,211910,"3",1074,1,NA
"740","7",36,"test","BLUE","stim1: brown",4,"critical","incongruent",NA,"Press 1 for BLACK, <br>2 for <span style=""color:blue;"">BLUE</span>, <br>3 for <span style=""color:green;"">GREEN</span>, and <br>4 for <span style=""color:brown;"">BROWN</span>","word",400,NA,"1 2 3 4",8,NA,NA,NA,NA,"175%","blue","common","color",5.16,4,"common_color","incongruent",1,400,12,33.33,213096,"4",794,1,NA
"741","7",25,"test","BLACK","stim1: black",1,"critical","congruent",NA,"Press 1 for BLACK, <br>2 for <span style=""color:blue;"">BLUE</span>, <br>3 for <span style=""color:green;"">GREEN</span>, and <br>4 for <span style=""color:brown;"">BROWN</span>","word",400,NA,"1 2 3 4",8,NA,NA,NA,NA,"175%","black","common","color",5.26,5,"common_color","congruent",2,399,12,33.25,215286,"1",1816,1,NA
"742","7",59,"test","MAUVE","stim1: blue",2,"filler","control",NA,"Press 1 for BLACK, <br>2 for <span style=""color:blue;"">BLUE</span>, <br>3 for <span style=""color:green;"">GREEN</span>, and <br>4 for <span style=""color:brown;"">BROWN</span>","word",400,NA,"1 2 3 4",8,NA,NA,NA,NA,"175%","mauve","rare","color",2.71,5,"rare_color","control",2,400,12,33.33,216535,"2",865,1,NA
"743","7",52,"test","GREEN","stim1: brown",4,"critical","incongruent",NA,"Press 1 for BLACK, <br>2 for <span style=""color:blue;"">BLUE</span>, <br>3 for <span style=""color:green;"">GREEN</span>, and <br>4 for <span style=""color:brown;"">BROWN</span>","word",400,NA,"1 2 3 4",8,NA,NA,NA,NA,"175%","green","common","color",5.22,5,"common_color","incongruent",1,399,12,33.25,217794,"4",858,1,NA
"744","7",32,"test","BLUE","stim1: black",1,"critical","incongruent",NA,"Press 1 for BLACK, <br>2 for <span style=""color:blue;"">BLUE</span>, <br>3 for <span style=""color:green;"">GREEN</span>, and <br>4 for <span style=""color:brown;"">BROWN</span>","word",400,NA,"1 2 3 4",8,NA,NA,NA,NA,"175%","blue","common","color",5.16,4,"common_color","incongruent",1,399,12,33.25,219010,"1",841,1,NA
"745","7",82,"test","APEX","stim1: brown",4,"filler","control",NA,"Press 1 for BLACK, <br>2 for <span style=""color:blue;"">BLUE</span>, <br>3 for <span style=""color:green;"">GREEN</span>, and <br>4 for <span style=""color:brown;"">BROWN</span>","word",400,NA,"1 2 3 4",8,NA,NA,NA,NA,"175%","apex","rare","noncolor",2.96,4,"rare_noncolor","control",NA,400,12,33.33,220397,"4",994,1,NA
"746","7",95,"test","IRK","stim1: green",3,"filler","control",NA,"Press 1 for BLACK, <br>2 for <span style=""color:blue;"">BLUE</span>, <br>3 for <span style=""color:green;"">GREEN</span>, and <br>4 for <span style=""color:brown;"">BROWN</span>","word",400,NA,"1 2 3 4",8,NA,NA,NA,NA,"175%","irk","rare","noncolor",1.95,3,"rare_noncolor","control",NA,401,12,33.42,222627,"3",1857,1,NA
"747","7",107,"test","SMALL","stim1: green",3,"filler","control",NA,"Press 1 for BLACK, <br>2 for <span style=""color:blue;"">BLUE</span>, <br>3 for <span style=""color:green;"">GREEN</span>, and <br>4 for <span style=""color:brown;"">BROWN</span>","word",400,NA,"1 2 3 4",8,NA,NA,NA,NA,"175%","small","common","noncolor",5.43,5,"common_noncolor","control",NA,400,12,33.33,223484,"3",481,1,NA
"748","7",55,"test","GREEN","stim1: green",3,"critical","congruent",NA,"Press 1 for BLACK, <br>2 for <span style=""color:blue;"">BLUE</span>, <br>3 for <span style=""color:green;"">GREEN</span>, and <br>4 for <span style=""color:brown;"">BROWN</span>","word",400,NA,"1 2 3 4",8,NA,NA,NA,NA,"175%","green","common","color",5.22,5,"common_color","congruent",2,401,12,33.42,224364,"3",494,1,NA
"749","7",69,"test","OCHRE","stim1: brown",4,"filler","control",NA,"Press 1 for BLACK, <br>2 for <span style=""color:blue;"">BLUE</span>, <br>3 for <span style=""color:green;"">GREEN</span>, and <br>4 for <span style=""color:brown;"">BROWN</span>","word",400,NA,"1 2 3 4",8,NA,NA,NA,NA,"175%","ochre","rare","color",2.77,5,"rare_color","control",2,400,12,33.33,225560,"4",823,1,NA
